loan_id,vintage_year,net_monthly_income,essential_spending,existing_debt_payment,principal,annual_rate,term_months,utilisation,prior_arrears,default_12m
SYN-2022-0000,2022,4318.19,1863.93,804.22,20000,0.1429,24,0.8511,0,0
SYN-2022-0001,2022,4136.71,1484.69,510.86,6000,0.1715,36,0.6771,0,0
SYN-2022-0002,2022,2820.63,1797.48,256.24,10000,0.1793,60,0.7117,0,0
SYN-2022-0003,2022,4479.01,2689.92,331.36,4000,0.1692,24,0.4645,0,0
SYN-2022-0004,2022,3716.84,1934.67,244.11,20000,0.1114,48,0.8062,0,0
SYN-2022-0005,2022,4236.37,2197.48,815.1,10000,0.0855,24,0.7193,0,0
SYN-2022-0006,2022,1688.85,840.77,104.39,20000,0.1211,24,0.0985,0,0
SYN-2022-0007,2022,3453.78,1634.36,195.68,4000,0.1787,36,0.2787,0,0
SYN-2022-0008,2022,4960.77,2280.6,1087.54,20000,0.0865,36,0.2199,0,0
SYN-2022-0009,2022,3664.96,1717.26,263.53,15000,0.1452,60,0.266,0,0
SYN-2022-0010,2022,1920.83,998.56,174.74,10000,0.0816,36,0.8226,1,1
SYN-2022-0011,2022,1667.84,699.3,309.28,6000,0.1741,60,0.608,0,0
SYN-2022-0012,2022,3416.81,2175.19,210.87,20000,0.1076,48,0.582,1,0
SYN-2022-0013,2022,2335.04,1097.24,169.37,15000,0.1529,36,0.5645,0,1
SYN-2022-0014,2022,1831.93,822.85,268.14,6000,0.1458,24,0.4261,0,0
SYN-2022-0015,2022,4019.89,1981.45,663.2,6000,0.1319,36,0.2193,1,0
SYN-2022-0016,2022,3573.44,1671.23,539.49,15000,0.1451,24,0.2343,0,0
SYN-2022-0017,2022,4327.69,2364.34,798.69,10000,0.123,24,0.6175,0,0
SYN-2022-0018,2022,2405.97,1176.87,596.72,20000,0.1131,36,0.3072,0,0
SYN-2022-0019,2022,4828.89,2134.31,1032.29,10000,0.1137,60,0.6026,0,0
SYN-2022-0020,2022,3594.74,1729.49,663.01,20000,0.1033,60,0.7216,0,0
SYN-2022-0021,2022,4550.66,2862.29,1126.2,4000,0.1186,36,0.588,0,0
SYN-2022-0022,2022,3510.03,1705.23,873.45,4000,0.0883,60,0.666,0,0
SYN-2022-0023,2022,4143.02,2415.71,470.66,6000,0.1762,48,0.4816,0,0
SYN-2022-0024,2022,3135.93,1122.62,549.88,20000,0.1306,36,0.5486,0,0
SYN-2022-0025,2022,2044.73,882.98,405.57,6000,0.1051,36,0.1428,0,0
SYN-2022-0026,2022,1769.71,664.71,241.48,10000,0.1772,24,0.3239,0,0
SYN-2022-0027,2022,2042.6,1042.72,162.01,15000,0.0962,24,0.216,0,0
SYN-2022-0028,2022,5047.89,3167.09,218.39,4000,0.1277,36,0.4797,0,0
SYN-2022-0029,2022,2837.3,1104.66,595.23,10000,0.134,60,0.1571,0,0
SYN-2022-0030,2022,2538.8,1387.54,214.28,10000,0.1624,24,0.5573,0,0
SYN-2022-0031,2022,3047.16,1437.42,685.45,6000,0.1711,48,0.2185,0,0
SYN-2022-0032,2022,4189.0,1485.42,207.9,10000,0.0843,36,0.2044,0,0
SYN-2022-0033,2022,4912.77,1766.24,1069.18,10000,0.1085,48,0.7067,0,0
SYN-2022-0034,2022,1930.96,801.8,226.58,4000,0.1636,24,0.7673,0,0
SYN-2022-0035,2022,4659.74,2239.33,950.0,15000,0.1617,60,0.6659,0,0
SYN-2022-0036,2022,2444.96,876.82,100.66,20000,0.1647,24,0.4967,0,0
SYN-2022-0037,2022,5037.95,2938.14,723.54,4000,0.1721,60,0.6432,0,0
SYN-2022-0038,2022,1602.83,884.63,109.88,4000,0.0848,60,0.1773,0,0
SYN-2022-0039,2022,4855.42,2917.47,279.42,10000,0.1339,24,0.4595,0,0
SYN-2022-0040,2022,2039.19,1077.57,374.8,15000,0.1737,36,0.6704,0,0
SYN-2022-0041,2022,3779.48,1769.68,544.39,10000,0.1649,36,0.7157,0,0
SYN-2022-0042,2022,3633.91,2294.33,596.82,20000,0.1317,24,0.3788,0,0
SYN-2022-0043,2022,4910.55,1762.75,257.16,10000,0.1033,36,0.2271,0,0
SYN-2022-0044,2022,4807.1,2600.26,469.29,4000,0.1774,36,0.5453,1,0
SYN-2022-0045,2022,2293.54,1272.35,260.66,6000,0.1381,36,0.8494,0,0
SYN-2022-0046,2022,1605.17,706.28,222.93,4000,0.175,60,0.7375,0,0
SYN-2022-0047,2022,2046.08,1057.06,180.46,6000,0.133,24,0.2041,0,0
SYN-2022-0048,2022,4385.78,2432.23,1058.85,4000,0.1083,24,0.4564,0,0
SYN-2022-0049,2022,3495.76,1889.02,691.39,10000,0.1274,48,0.4102,0,0
SYN-2022-0050,2022,4962.91,1936.7,480.64,6000,0.1011,36,0.5725,0,0
SYN-2022-0051,2022,4552.86,2790.56,1047.96,4000,0.1648,36,0.5672,0,0
SYN-2022-0052,2022,4565.08,2507.43,440.89,20000,0.15,48,0.6268,0,0
SYN-2022-0053,2022,1846.17,1002.58,308.34,20000,0.1063,24,0.0264,0,0
SYN-2022-0054,2022,2833.09,1456.25,673.84,15000,0.1621,60,0.2567,0,0
SYN-2022-0055,2022,1792.39,661.06,328.97,20000,0.1069,48,0.1009,0,0
SYN-2022-0056,2022,1728.62,733.39,423.69,20000,0.1706,24,0.3217,0,0
SYN-2022-0057,2022,1609.79,796.52,192.17,6000,0.1392,36,0.3888,0,1
SYN-2022-0058,2022,4493.91,2373.99,507.65,10000,0.1777,36,0.721,0,0
SYN-2022-0059,2022,3710.39,2334.56,307.96,20000,0.1227,48,0.7887,1,1
SYN-2022-0060,2022,3492.08,1609.22,332.53,20000,0.148,24,0.5876,0,0
SYN-2022-0061,2022,4514.82,2129.24,466.61,4000,0.0813,48,0.4842,0,0
SYN-2022-0062,2022,4134.65,1468.33,670.93,15000,0.1425,60,0.062,0,0
SYN-2022-0063,2022,3026.42,1568.5,186.9,10000,0.1238,48,0.3925,0,0
SYN-2022-0064,2022,4142.33,2324.07,729.95,20000,0.156,36,0.3762,0,0
SYN-2022-0065,2022,1728.97,711.18,261.83,4000,0.1157,60,0.5371,0,0
SYN-2022-0066,2022,2662.8,933.85,506.66,20000,0.1716,60,0.6685,1,0
SYN-2022-0067,2022,3533.76,2229.77,442.06,4000,0.1398,48,0.7994,0,0
SYN-2022-0068,2022,2581.89,1498.15,473.31,6000,0.176,60,0.4584,0,0
SYN-2022-0069,2022,2049.53,825.41,262.42,15000,0.0946,60,0.6441,0,0
SYN-2022-0070,2022,3187.59,1912.24,291.38,6000,0.1381,60,0.699,0,0
SYN-2022-0071,2022,5160.03,1930.38,594.06,6000,0.1512,48,0.4378,0,0
SYN-2022-0072,2022,3612.39,2275.07,248.19,6000,0.1753,36,0.2116,1,1
SYN-2022-0073,2022,2170.58,775.92,456.52,4000,0.1174,48,0.7534,0,0
SYN-2022-0074,2022,2295.83,1272.25,566.52,4000,0.0903,48,0.0376,0,0
SYN-2022-0075,2022,4169.37,1878.49,485.29,20000,0.1243,24,0.1241,0,0
SYN-2022-0076,2022,1957.64,825.81,86.0,15000,0.0968,24,0.1502,0,0
SYN-2022-0077,2022,4100.07,2009.48,388.33,6000,0.1779,36,0.061,0,0
SYN-2022-0078,2022,1946.19,919.53,424.57,4000,0.0895,36,0.599,1,0
SYN-2022-0079,2022,5098.42,2368.22,1081.52,4000,0.1394,48,0.7404,0,0
SYN-2022-0080,2022,3555.59,1922.97,566.95,15000,0.1341,60,0.9497,0,0
SYN-2022-0081,2022,4369.79,2338.28,924.12,6000,0.1334,48,0.6178,0,0
SYN-2022-0082,2022,2810.52,1190.44,127.47,4000,0.1636,48,0.7319,0,0
SYN-2022-0083,2022,4187.42,1952.19,706.45,20000,0.0978,36,0.3304,0,0
SYN-2022-0084,2022,2219.11,798.69,201.14,4000,0.1454,36,0.6755,0,0
SYN-2022-0085,2022,2089.94,955.67,180.84,20000,0.1214,60,0.1831,0,0
SYN-2022-0086,2022,4970.13,1832.91,851.68,4000,0.1147,60,0.8466,1,1
SYN-2022-0087,2022,3752.51,1375.87,752.85,10000,0.1464,60,0.1638,0,0
SYN-2022-0088,2022,1881.62,881.47,336.08,15000,0.0874,36,0.8733,0,0
SYN-2022-0089,2022,1789.0,866.27,79.85,6000,0.1338,48,0.6213,1,0
SYN-2022-0090,2022,5052.94,2016.42,535.09,6000,0.0894,36,0.4251,1,0
SYN-2022-0091,2022,2112.87,1191.78,440.49,4000,0.0972,48,0.9576,1,0
SYN-2022-0092,2022,1832.8,797.38,332.43,6000,0.1404,36,0.5181,1,0
SYN-2022-0093,2022,2860.12,1679.46,656.0,20000,0.1333,24,0.0955,0,0
SYN-2022-0094,2022,4983.55,1837.35,580.84,20000,0.1755,48,0.572,0,0
SYN-2022-0095,2022,1819.83,1060.11,290.08,20000,0.1358,24,0.821,0,0
SYN-2022-0096,2022,2751.9,1063.97,459.34,4000,0.139,60,0.3914,0,0
SYN-2022-0097,2022,2812.42,1598.27,235.83,10000,0.1042,24,0.2931,0,0
SYN-2022-0098,2022,3578.49,2180.31,315.13,20000,0.108,24,0.5684,0,0
SYN-2022-0099,2022,3794.36,2056.72,823.6,20000,0.1766,24,0.9003,0,0
SYN-2022-0100,2022,2447.29,893.31,163.35,15000,0.1524,48,0.7837,0,0
SYN-2022-0101,2022,2365.26,1222.49,556.06,20000,0.1755,60,0.2691,1,0
SYN-2022-0102,2022,4096.39,1879.56,868.8,10000,0.1605,24,0.6775,0,0
SYN-2022-0103,2022,4481.77,2104.53,405.8,15000,0.1511,48,0.5511,0,0
SYN-2022-0104,2022,3103.33,1311.97,188.04,20000,0.1534,36,0.4368,1,0
SYN-2022-0105,2022,1655.97,928.96,373.08,6000,0.0919,60,0.7419,0,0
SYN-2022-0106,2022,4185.45,2541.34,660.98,6000,0.1721,48,0.7689,0,0
SYN-2022-0107,2022,2334.9,1305.53,577.96,6000,0.1658,48,0.8947,1,0
SYN-2022-0108,2022,3603.73,1354.7,489.69,10000,0.1582,60,0.3525,0,0
SYN-2022-0109,2022,5141.46,3013.48,1015.06,20000,0.171,24,0.8653,1,0
SYN-2022-0110,2022,3907.55,1412.64,575.8,15000,0.1354,24,0.3752,0,0
SYN-2022-0111,2022,4995.4,2717.88,631.19,20000,0.1653,60,0.3326,0,0
SYN-2022-0112,2022,1813.98,1090.82,359.28,6000,0.1054,36,0.6704,0,0
SYN-2022-0113,2022,3915.58,1700.76,283.37,20000,0.0971,24,0.7286,0,0
SYN-2022-0114,2022,4708.94,1745.58,968.14,10000,0.1045,36,0.6072,0,0
SYN-2022-0115,2022,2463.26,1532.04,235.8,15000,0.0809,36,0.5151,0,0
SYN-2022-0116,2022,3936.41,2274.63,908.87,6000,0.1338,60,0.4338,0,0
SYN-2022-0117,2022,2812.43,1011.25,289.57,15000,0.0868,60,0.8814,0,0
SYN-2022-0118,2022,4805.36,2589.76,595.18,15000,0.1414,36,0.4022,0,0
SYN-2022-0119,2022,3870.18,2327.48,962.84,15000,0.0972,48,0.6151,1,0
SYN-2022-0120,2022,1845.87,897.79,225.93,4000,0.1451,48,0.7185,0,0
SYN-2022-0121,2022,2309.01,849.13,97.24,10000,0.1056,36,0.647,0,0
SYN-2022-0122,2022,3357.09,1534.5,652.94,10000,0.0909,48,0.8511,1,1
SYN-2022-0123,2022,2810.33,1080.64,327.91,6000,0.1059,24,0.5709,1,1
SYN-2022-0124,2022,2110.18,758.06,498.21,10000,0.155,48,0.4056,0,0
SYN-2022-0125,2022,3558.67,1312.29,661.34,4000,0.1517,36,0.5616,0,0
SYN-2022-0126,2022,5052.81,1801.9,801.54,10000,0.1509,60,0.5894,1,0
SYN-2022-0127,2022,3452.86,1883.51,197.65,20000,0.0942,48,0.9018,0,0
SYN-2022-0128,2022,4050.82,2283.22,985.19,20000,0.0804,60,0.8769,0,0
SYN-2022-0129,2022,4316.63,2411.53,383.74,15000,0.1017,48,0.5133,0,0
SYN-2022-0130,2022,3347.12,1371.87,460.62,20000,0.1501,48,0.3718,0,0
SYN-2022-0131,2022,2954.65,1448.32,237.16,6000,0.0925,36,0.7456,0,0
SYN-2022-0132,2022,1904.21,1203.78,302.48,20000,0.1557,24,0.2916,0,0
SYN-2022-0133,2022,2273.27,942.21,173.25,15000,0.1,48,0.2735,0,0
SYN-2022-0134,2022,3629.66,1379.43,876.13,10000,0.1109,48,0.3894,1,0
SYN-2022-0135,2022,4795.87,1846.54,1057.07,4000,0.0823,36,0.0642,0,0
SYN-2022-0136,2022,4030.72,1485.34,211.96,15000,0.1171,24,0.4296,0,0
SYN-2022-0137,2022,4542.94,2822.51,708.9,4000,0.1328,60,0.2949,0,0
SYN-2022-0138,2022,2925.66,1667.16,450.12,6000,0.151,60,0.7888,0,0
SYN-2022-0139,2022,2802.8,1334.96,186.03,4000,0.1326,36,0.5861,0,0
SYN-2022-0140,2022,2087.43,1170.01,351.19,4000,0.1668,24,0.3617,0,0
SYN-2022-0141,2022,5190.02,2240.72,409.4,6000,0.1736,60,0.6636,0,0
SYN-2022-0142,2022,5123.17,2427.8,873.41,10000,0.1161,48,0.6132,0,0
SYN-2022-0143,2022,3627.22,2121.29,611.28,6000,0.1743,24,0.4671,0,0
SYN-2022-0144,2022,3179.41,1514.89,777.37,6000,0.0983,48,0.2644,0,0
SYN-2022-0145,2022,2242.72,1254.28,153.22,15000,0.1615,36,0.8009,0,0
SYN-2022-0146,2022,5098.02,3138.45,1176.78,15000,0.1731,60,0.132,0,0
SYN-2022-0147,2022,1695.6,917.86,161.39,15000,0.1756,48,0.5532,0,0
SYN-2022-0148,2022,4376.39,1689.42,814.86,4000,0.161,48,0.3626,0,0
SYN-2022-0149,2022,3528.9,1399.07,610.86,10000,0.1407,60,0.6738,0,0
SYN-2022-0150,2022,3586.67,1360.45,364.04,15000,0.1312,36,0.3635,1,0
SYN-2022-0151,2022,5138.06,2996.89,872.87,6000,0.1641,60,0.283,1,0
SYN-2022-0152,2022,2061.36,892.21,165.88,15000,0.1355,36,0.0538,0,0
SYN-2022-0153,2022,4532.05,2671.47,907.64,6000,0.1279,48,0.6145,0,0
SYN-2022-0154,2022,4058.18,1998.89,930.43,10000,0.1346,60,0.1463,0,0
SYN-2022-0155,2022,2655.39,1134.69,397.65,15000,0.151,48,0.5395,0,0
SYN-2022-0156,2022,4402.35,2570.42,661.88,6000,0.0883,48,0.4078,0,0
SYN-2022-0157,2022,3743.7,2050.58,466.04,20000,0.1471,36,0.7357,0,0
SYN-2022-0158,2022,2276.13,1003.97,143.8,20000,0.1046,36,0.2253,0,0
SYN-2022-0159,2022,2954.58,1795.49,568.09,20000,0.1269,24,0.5272,0,0
SYN-2022-0160,2022,2557.58,1433.83,145.77,10000,0.1588,36,0.144,0,0
SYN-2022-0161,2022,2014.71,942.96,456.01,15000,0.1045,36,0.2983,0,0
SYN-2022-0162,2022,2377.0,937.73,566.15,4000,0.1402,36,0.5381,0,0
SYN-2022-0163,2022,3919.92,1951.59,790.72,10000,0.1588,48,0.8783,0,0
SYN-2022-0164,2022,3762.18,2097.71,725.66,10000,0.1152,24,0.8693,0,0
SYN-2022-0165,2022,2069.11,765.12,424.89,10000,0.1603,48,0.1141,0,0
SYN-2022-0166,2022,3784.93,2439.58,232.93,4000,0.1709,60,0.395,0,0
SYN-2022-0167,2022,4585.69,2852.95,197.0,6000,0.1259,60,0.7057,0,0
SYN-2022-0168,2022,2953.18,1324.97,623.21,15000,0.1054,60,0.4487,0,0
SYN-2022-0169,2022,3992.69,1957.46,449.41,4000,0.1598,24,0.1066,1,1
SYN-2022-0170,2022,2713.17,1258.63,225.0,10000,0.0803,24,0.7634,0,0
SYN-2022-0171,2022,3216.25,2045.78,371.69,6000,0.1043,24,0.404,0,0
SYN-2022-0172,2022,4042.23,2410.84,835.05,6000,0.148,36,0.2702,0,0
SYN-2022-0173,2022,2827.85,1022.34,146.94,4000,0.1798,48,0.4169,1,0
SYN-2022-0174,2022,1607.91,736.5,147.28,6000,0.1324,24,0.7845,0,0
SYN-2022-0175,2022,5167.1,3245.21,334.44,10000,0.1778,36,0.4358,0,0
SYN-2022-0176,2022,4095.27,1914.88,483.64,20000,0.1249,60,0.7302,0,1
SYN-2022-0177,2022,3579.26,1255.66,511.83,10000,0.1615,60,0.3948,1,0
SYN-2022-0178,2022,4435.95,2438.1,1042.9,15000,0.1525,60,0.5637,0,0
SYN-2022-0179,2022,3976.0,1753.56,950.32,4000,0.1502,48,0.4865,0,0
SYN-2022-0180,2022,3663.09,2180.26,618.31,10000,0.1793,48,0.1942,0,0
SYN-2022-0181,2022,4797.74,2000.44,464.11,20000,0.18,36,0.2052,0,0
SYN-2022-0182,2022,3522.43,1968.57,634.4,20000,0.0913,36,0.245,0,0
SYN-2022-0183,2022,2046.81,754.48,425.46,4000,0.1362,24,0.1074,0,0
SYN-2022-0184,2022,2192.99,817.27,205.53,15000,0.1572,24,0.2979,1,0
SYN-2022-0185,2022,4773.36,1897.93,877.07,6000,0.0863,60,0.5939,0,1
SYN-2022-0186,2022,3990.14,1811.95,464.48,10000,0.1352,48,0.2546,0,0
SYN-2022-0187,2022,2072.96,806.99,303.64,6000,0.0933,48,0.5351,0,0
SYN-2022-0188,2022,2566.86,1339.69,197.94,10000,0.1357,24,0.2211,0,0
SYN-2022-0189,2022,3613.98,1424.4,548.78,4000,0.1359,36,0.5795,0,0
SYN-2022-0190,2022,2941.16,1681.9,164.15,6000,0.1353,36,0.5317,0,0
SYN-2022-0191,2022,3317.2,1490.92,763.43,10000,0.1058,48,0.3247,0,0
SYN-2022-0192,2022,1767.42,1030.99,150.53,4000,0.1073,24,0.2137,0,0
SYN-2022-0193,2022,2304.35,1088.55,342.45,4000,0.1363,36,0.5865,0,0
SYN-2022-0194,2022,5078.33,3223.25,1139.57,10000,0.166,24,0.6588,0,0
SYN-2022-0195,2022,4431.74,2689.65,757.81,4000,0.1503,36,0.9458,0,0
SYN-2022-0196,2022,4818.81,2356.62,688.5,6000,0.1484,36,0.5179,0,0
SYN-2022-0197,2022,4700.23,2681.01,413.24,15000,0.1229,48,0.7705,0,0
SYN-2022-0198,2022,4041.34,2557.13,596.59,20000,0.1538,36,0.4099,0,0
SYN-2022-0199,2022,2345.73,1099.8,273.34,20000,0.1124,36,0.8623,0,0
SYN-2022-0200,2022,3026.32,1407.76,311.75,4000,0.1141,24,0.736,1,0
SYN-2022-0201,2022,4622.34,2657.14,230.74,10000,0.1129,24,0.1441,0,0
SYN-2022-0202,2022,2193.59,1287.9,111.66,10000,0.1799,48,0.2326,0,0
SYN-2022-0203,2022,4302.21,2119.33,460.0,4000,0.1088,36,0.4683,0,0
SYN-2022-0204,2022,2185.88,768.35,225.9,15000,0.0982,48,0.0832,1,0
SYN-2022-0205,2022,4610.74,2758.85,944.92,6000,0.1692,24,0.7873,0,0
SYN-2022-0206,2022,4843.04,2616.11,705.47,6000,0.104,48,0.8136,1,0
SYN-2022-0207,2022,2203.32,905.51,420.86,10000,0.0852,24,0.3422,1,0
SYN-2022-0208,2022,4843.92,2013.13,1039.75,20000,0.1697,36,0.4895,0,0
SYN-2022-0209,2022,3908.32,1487.3,397.17,15000,0.0821,36,0.7319,0,0
SYN-2022-0210,2022,1956.11,859.32,174.17,15000,0.111,48,0.8057,0,0
SYN-2022-0211,2022,2159.55,1284.0,244.0,4000,0.0923,36,0.2929,0,0
SYN-2022-0212,2022,2034.34,1234.04,168.36,20000,0.1409,48,0.3824,0,0
SYN-2022-0213,2022,4309.94,2184.78,176.49,10000,0.111,48,0.7141,0,1
SYN-2022-0214,2022,2672.62,1339.48,488.46,15000,0.1248,24,0.1995,0,0
SYN-2022-0215,2022,5044.77,2849.09,871.87,15000,0.1081,36,0.539,0,0
SYN-2022-0216,2022,2995.46,1690.04,152.25,4000,0.1446,60,0.3475,0,0
SYN-2022-0217,2022,2795.11,1658.23,556.12,20000,0.1471,60,0.4509,0,0
SYN-2022-0218,2022,1848.67,825.47,78.7,10000,0.1581,60,0.3523,0,0
SYN-2022-0219,2022,4281.49,1918.58,775.28,15000,0.0899,24,0.6021,0,0
SYN-2022-0220,2022,2197.05,1380.99,124.5,20000,0.1519,48,0.4393,0,0
SYN-2022-0221,2022,3324.59,1344.36,522.09,4000,0.1449,24,0.3542,0,0
SYN-2022-0222,2022,4728.13,2476.26,512.53,15000,0.1389,36,0.476,0,0
SYN-2022-0223,2022,2885.04,1250.78,333.73,10000,0.1724,24,0.1297,0,0
SYN-2022-0224,2022,1830.96,752.5,231.01,20000,0.1303,48,0.532,0,0
SYN-2022-0225,2022,3019.09,1175.96,519.36,10000,0.1214,60,0.3038,0,0
SYN-2022-0226,2022,2726.23,1105.4,208.92,6000,0.1488,36,0.5655,0,0
SYN-2022-0227,2022,2941.6,1314.98,401.35,4000,0.1785,60,0.5606,1,0
SYN-2022-0228,2022,3276.33,1680.55,378.79,10000,0.1332,48,0.5211,0,0
SYN-2022-0229,2022,2780.33,1016.24,455.57,10000,0.082,36,0.1105,0,0
SYN-2022-0230,2022,3763.4,1506.65,918.94,15000,0.1736,24,0.4647,0,0
SYN-2022-0231,2022,2481.72,1164.42,469.34,20000,0.1713,60,0.4171,0,0
SYN-2022-0232,2022,3127.13,1366.13,596.46,20000,0.1004,48,0.5908,0,0
SYN-2022-0233,2022,2929.97,1804.12,342.47,20000,0.1109,36,0.6465,1,1
SYN-2022-0234,2022,2706.17,1611.47,466.04,6000,0.119,60,0.5982,0,1
SYN-2022-0235,2022,5086.65,2972.09,400.48,6000,0.1794,48,0.1309,0,0
SYN-2022-0236,2022,3230.69,1404.61,475.88,6000,0.1068,48,0.2591,0,0
SYN-2022-0237,2022,2988.71,1502.3,262.81,10000,0.1325,48,0.5354,0,0
SYN-2022-0238,2022,2361.41,1262.19,97.96,4000,0.1215,36,0.3504,1,0
SYN-2022-0239,2022,3728.31,1782.21,630.07,10000,0.1654,60,0.4198,0,0
SYN-2022-0240,2022,3769.24,1385.91,605.19,4000,0.0865,48,0.2662,0,0
SYN-2022-0241,2022,3643.86,2237.69,181.78,4000,0.159,36,0.8538,0,0
SYN-2022-0242,2022,1612.72,729.0,379.52,6000,0.0958,48,0.5402,0,0
SYN-2022-0243,2022,4645.34,2108.92,803.71,10000,0.1694,36,0.3589,1,0
SYN-2022-0244,2022,4194.03,1668.59,458.29,4000,0.1672,48,0.2712,0,0
SYN-2022-0245,2022,1964.27,1131.12,409.79,15000,0.0988,60,0.1773,1,0
SYN-2022-0246,2022,3384.96,1903.57,362.78,20000,0.1604,36,0.2818,0,0
SYN-2022-0247,2022,3357.3,1960.45,534.48,10000,0.0853,24,0.1766,0,0
SYN-2022-0248,2022,3045.75,1252.0,410.84,6000,0.1695,36,0.6756,0,0
SYN-2022-0249,2022,2018.22,1260.45,196.49,6000,0.0945,24,0.3189,0,0
SYN-2022-0250,2022,2689.88,1501.53,543.11,4000,0.1256,48,0.6236,0,0
SYN-2022-0251,2022,3734.09,2163.12,818.85,20000,0.1012,24,0.2707,0,0
SYN-2022-0252,2022,4713.34,3026.01,819.99,15000,0.1073,48,0.5116,1,1
SYN-2022-0253,2022,2080.21,736.96,210.75,4000,0.1673,24,0.5836,0,0
SYN-2022-0254,2022,2488.4,1360.74,379.72,4000,0.1559,36,0.8462,0,0
SYN-2022-0255,2022,4928.58,1779.03,437.68,20000,0.0849,48,0.2656,0,0
SYN-2022-0256,2022,4142.6,2073.3,695.29,10000,0.1402,60,0.5276,0,0
SYN-2022-0257,2022,3994.24,1421.17,295.32,15000,0.0861,48,0.528,0,0
SYN-2022-0258,2022,2989.98,1717.89,461.4,6000,0.1019,60,0.8334,0,0
SYN-2022-0259,2022,1962.33,1209.79,297.26,4000,0.0832,48,0.5593,0,0
SYN-2022-0260,2022,3899.14,1403.08,197.44,4000,0.1661,48,0.3807,0,0
SYN-2022-0261,2022,2726.82,1613.12,661.01,10000,0.1708,24,0.5519,0,0
SYN-2022-0262,2022,2046.69,1030.68,352.3,15000,0.1095,24,0.609,1,0
SYN-2022-0263,2022,2374.53,908.97,455.17,15000,0.1548,60,0.3448,0,0
SYN-2022-0264,2022,3135.95,1301.34,708.33,6000,0.1301,36,0.2917,0,0
SYN-2022-0265,2022,4504.96,2266.35,639.81,6000,0.123,60,0.2828,0,0
SYN-2022-0266,2022,3450.24,1225.22,851.7,15000,0.1034,24,0.5014,0,1
SYN-2022-0267,2022,5031.01,2642.63,598.74,20000,0.1645,48,0.6277,0,0
SYN-2022-0268,2022,2591.98,921.89,426.61,10000,0.1445,48,0.391,1,0
SYN-2022-0269,2022,3270.86,1360.86,546.04,6000,0.1513,48,0.8073,0,0
SYN-2022-0270,2022,2354.68,1116.01,429.79,6000,0.0921,48,0.2804,0,0
SYN-2022-0271,2022,2333.61,944.16,109.68,6000,0.0845,48,0.1106,0,0
SYN-2022-0272,2022,1937.51,894.3,439.61,4000,0.0997,36,0.5643,0,0
SYN-2022-0273,2022,5055.42,2546.03,698.17,10000,0.1108,36,0.2219,0,0
SYN-2022-0274,2022,4147.66,2591.5,430.33,4000,0.11,36,0.9217,0,0
SYN-2022-0275,2022,4260.03,2645.34,197.55,15000,0.0879,24,0.7713,0,0
SYN-2022-0276,2022,3721.81,1412.24,663.39,15000,0.1056,48,0.8086,0,0
SYN-2022-0277,2022,4262.33,2530.58,177.14,4000,0.111,48,0.0887,0,0
SYN-2022-0278,2022,3523.07,2252.24,425.92,10000,0.1605,48,0.6823,0,0
SYN-2022-0279,2022,2355.14,1019.93,532.93,6000,0.1379,48,0.6727,0,0
SYN-2022-0280,2022,3707.53,2356.01,675.41,15000,0.1491,24,0.3874,0,0
SYN-2022-0281,2022,3558.69,2245.32,271.43,6000,0.1273,24,0.5657,0,0
SYN-2022-0282,2022,1827.75,807.89,421.0,15000,0.1422,36,0.5957,0,0
SYN-2022-0283,2022,4296.11,2281.12,449.77,10000,0.1797,36,0.4137,0,0
SYN-2022-0284,2022,3226.51,1756.74,456.64,10000,0.1707,48,0.273,1,1
SYN-2022-0285,2022,4898.64,2310.59,543.04,4000,0.1076,48,0.0923,1,0
SYN-2022-0286,2022,4670.01,2379.5,800.01,6000,0.1215,36,0.6484,0,0
SYN-2022-0287,2022,4944.84,2292.35,908.63,10000,0.0888,24,0.6884,0,0
SYN-2022-0288,2022,1977.62,768.54,401.45,6000,0.1333,60,0.1728,0,0
SYN-2022-0289,2022,4212.84,1599.5,436.53,6000,0.1505,48,0.7578,0,0
SYN-2022-0290,2022,2250.38,827.26,128.81,15000,0.1316,48,0.2689,0,0
SYN-2022-0291,2022,3012.28,1408.21,466.69,10000,0.1259,48,0.1953,0,0
SYN-2022-0292,2022,3566.01,2267.82,613.76,10000,0.0819,60,0.7776,0,0
SYN-2022-0293,2022,2046.72,1296.09,456.29,20000,0.1482,24,0.3413,0,0
SYN-2022-0294,2022,2064.75,752.83,425.99,10000,0.1754,24,0.8397,0,0
SYN-2022-0295,2022,4613.61,2403.91,837.38,4000,0.1256,24,0.6169,0,0
SYN-2022-0296,2022,3508.33,1543.22,496.45,20000,0.176,36,0.7138,0,0
SYN-2022-0297,2022,2162.24,884.33,111.24,10000,0.1286,48,0.8179,0,0
SYN-2022-0298,2022,4663.17,1823.22,574.19,20000,0.1636,60,0.2327,0,0
SYN-2022-0299,2022,1769.19,862.59,359.69,4000,0.1089,36,0.4756,0,0
SYN-2022-0300,2022,3554.2,2237.88,295.3,20000,0.0833,24,0.5056,0,0
SYN-2022-0301,2022,4747.73,2159.51,600.39,6000,0.0979,48,0.4483,0,0
SYN-2022-0302,2022,3232.68,2078.25,798.32,15000,0.089,48,0.5261,0,0
SYN-2022-0303,2022,4390.25,1661.88,536.25,10000,0.141,24,0.4195,0,0
SYN-2022-0304,2022,3779.87,2122.41,691.24,15000,0.1455,60,0.6485,0,0
SYN-2022-0305,2022,4179.58,2204.74,790.89,15000,0.1779,48,0.2482,0,0
SYN-2022-0306,2022,4854.05,2866.72,414.96,15000,0.0938,60,0.4922,0,0
SYN-2022-0307,2022,1721.58,927.43,109.08,6000,0.1653,36,0.613,0,0
SYN-2022-0308,2022,1735.07,776.24,216.46,6000,0.0985,60,0.6491,0,0
SYN-2022-0309,2022,2718.49,1613.56,476.46,6000,0.0876,60,0.3247,0,0
SYN-2022-0310,2022,2434.77,1435.9,464.39,6000,0.1263,24,0.6392,0,0
SYN-2022-0311,2022,4501.81,2031.84,551.42,10000,0.1032,48,0.4391,0,0
SYN-2022-0312,2022,3524.93,2235.12,767.65,4000,0.144,60,0.2705,0,0
SYN-2022-0313,2022,2946.9,1379.71,182.9,20000,0.0909,24,0.5703,1,0
SYN-2022-0314,2022,2103.91,1131.74,434.09,20000,0.1417,48,0.3975,0,0
SYN-2022-0315,2022,2172.43,932.13,208.64,10000,0.0885,48,0.4353,1,0
SYN-2022-0316,2022,3929.88,1409.56,186.81,6000,0.1497,36,0.4554,0,0
SYN-2022-0317,2022,3759.8,1766.57,823.08,15000,0.1709,48,0.853,0,0
SYN-2022-0318,2022,1661.8,938.34,212.66,6000,0.0857,60,0.1968,0,0
SYN-2022-0319,2022,2979.01,1149.44,363.27,6000,0.1148,48,0.821,1,0
SYN-2022-0320,2022,3195.27,1147.39,339.07,10000,0.1119,48,0.495,0,0
SYN-2022-0321,2022,2537.45,1210.95,494.27,6000,0.1036,60,0.3971,0,0
SYN-2022-0322,2022,2782.04,998.81,533.33,20000,0.1033,24,0.3601,0,0
SYN-2022-0323,2022,2817.82,1073.04,212.79,10000,0.0971,24,0.7129,0,0
SYN-2022-0324,2022,3227.66,1276.88,257.19,10000,0.15,48,0.536,1,0
SYN-2022-0325,2022,4543.77,2698.44,1079.12,6000,0.1059,36,0.6875,1,0
SYN-2022-0326,2022,4478.56,2070.67,1075.12,4000,0.1207,48,0.6733,0,0
SYN-2022-0327,2022,5029.26,2190.51,494.92,10000,0.1225,24,0.8018,0,0
SYN-2022-0328,2022,2343.96,850.56,412.34,15000,0.0981,48,0.3846,0,0
SYN-2022-0329,2022,2114.08,1020.8,257.72,6000,0.1,60,0.4343,0,0
SYN-2022-0330,2022,3634.06,1444.66,261.49,10000,0.1572,48,0.0839,0,0
SYN-2022-0331,2022,3903.76,1711.49,670.64,4000,0.1706,24,0.7588,0,0
SYN-2022-0332,2022,2933.79,1873.18,669.09,4000,0.1603,48,0.7374,0,0
SYN-2022-0333,2022,5175.37,2938.74,1099.98,6000,0.0828,60,0.412,0,0
SYN-2022-0334,2022,2403.44,1086.64,245.08,15000,0.1198,24,0.4844,0,0
SYN-2022-0335,2022,3295.52,1743.3,414.09,6000,0.09,36,0.4045,0,0
SYN-2022-0336,2022,1644.87,653.34,284.02,15000,0.0926,60,0.5259,0,0
SYN-2022-0337,2022,4478.71,2084.92,725.86,20000,0.1135,48,0.2129,0,0
SYN-2022-0338,2022,4016.37,2181.52,394.75,6000,0.0808,48,0.027,0,0
SYN-2022-0339,2022,4182.29,2464.51,704.21,10000,0.0946,48,0.9155,0,0
SYN-2022-0340,2022,2629.88,931.67,443.49,6000,0.1202,60,0.4278,0,0
SYN-2022-0341,2022,2712.88,1347.39,414.85,20000,0.1363,24,0.2521,1,0
SYN-2022-0342,2022,4528.71,2384.66,665.24,4000,0.1577,60,0.3648,0,0
SYN-2022-0343,2022,3464.9,1453.27,647.42,20000,0.1412,24,0.37,0,0
SYN-2022-0344,2022,1962.79,1024.37,123.22,20000,0.146,36,0.8288,0,0
SYN-2022-0345,2022,3547.26,2023.71,235.06,6000,0.1287,24,0.6085,0,0
SYN-2022-0346,2022,2314.85,966.4,120.68,4000,0.1765,36,0.6275,0,0
SYN-2022-0347,2022,3827.98,1379.79,697.48,20000,0.1239,60,0.8905,1,1
SYN-2022-0348,2022,4075.35,1650.12,755.29,4000,0.1257,60,0.4315,0,0
SYN-2022-0349,2022,4951.6,2011.93,1048.51,4000,0.1549,60,0.7308,0,0
SYN-2022-0350,2022,2850.46,1277.86,446.25,6000,0.1135,48,0.4121,0,0
SYN-2022-0351,2022,3252.07,1740.67,735.06,15000,0.0817,36,0.5592,0,0
SYN-2022-0352,2022,4300.01,1619.62,814.83,4000,0.1552,48,0.8342,0,0
SYN-2022-0353,2022,4993.18,2577.0,973.88,15000,0.1127,48,0.3669,0,0
SYN-2022-0354,2022,4277.79,2355.65,1066.77,20000,0.1188,60,0.3248,0,0
SYN-2022-0355,2022,3223.85,1237.07,716.16,15000,0.094,48,0.7979,0,0
SYN-2022-0356,2022,3649.73,1419.04,585.0,6000,0.162,36,0.6898,0,0
SYN-2022-0357,2022,2672.67,1124.24,316.74,6000,0.1587,48,0.3731,0,0
SYN-2022-0358,2022,1927.02,997.03,99.1,20000,0.0804,60,0.7488,0,0
SYN-2022-0359,2022,2734.76,1203.19,399.54,6000,0.1681,24,0.3962,1,0
SYN-2022-0360,2022,2224.66,1282.61,379.27,20000,0.1261,48,0.3664,1,0
SYN-2022-0361,2022,2518.39,1007.12,488.0,20000,0.1701,60,0.6005,0,0
SYN-2022-0362,2022,4629.54,1651.98,1116.25,15000,0.131,60,0.8331,0,0
SYN-2022-0363,2022,5171.48,3129.95,902.2,4000,0.1575,48,0.4254,0,0
SYN-2022-0364,2022,2450.02,907.91,593.4,6000,0.1454,60,0.58,0,0
SYN-2022-0365,2022,2222.41,837.9,443.85,6000,0.1265,36,0.604,0,0
SYN-2022-0366,2022,2920.65,1509.42,449.39,6000,0.1189,60,0.6531,0,0
SYN-2022-0367,2022,1855.05,1091.78,116.63,4000,0.1778,24,0.1127,0,0
SYN-2022-0368,2022,4972.74,2393.8,473.1,4000,0.1641,60,0.4635,0,0
SYN-2022-0369,2022,2117.29,1221.82,352.46,15000,0.1485,24,0.748,0,0
SYN-2022-0370,2022,3524.58,1409.08,730.04,10000,0.1227,24,0.6603,1,0
SYN-2022-0371,2022,1959.12,954.19,361.65,20000,0.0829,24,0.694,0,0
SYN-2022-0372,2022,5018.29,2648.89,1169.52,6000,0.1455,48,0.3113,0,0
SYN-2022-0373,2022,4739.35,1679.03,605.91,6000,0.1669,36,0.1204,0,0
SYN-2022-0374,2022,4490.54,1662.25,905.97,4000,0.1267,24,0.5301,0,0
SYN-2022-0375,2022,4968.84,2518.8,621.31,20000,0.1499,36,0.1199,0,0
SYN-2022-0376,2022,3649.26,1480.6,589.62,4000,0.1579,60,0.7114,1,0
SYN-2022-0377,2022,2142.7,1103.1,530.05,10000,0.1349,48,0.1798,0,0
SYN-2022-0378,2022,2013.4,1193.09,253.88,4000,0.166,48,0.5925,0,0
SYN-2022-0379,2022,2033.41,894.53,349.52,20000,0.164,24,0.913,0,0
SYN-2022-0380,2022,5136.26,2337.33,672.5,10000,0.1669,36,0.3667,0,0
SYN-2022-0381,2022,5006.03,1866.95,859.27,10000,0.1322,48,0.3946,0,0
SYN-2022-0382,2022,4977.69,2863.63,676.09,15000,0.1666,60,0.3333,0,0
SYN-2022-0383,2022,3332.78,2079.73,566.91,20000,0.1175,36,0.5805,0,0
SYN-2022-0384,2022,2567.41,1053.62,157.26,6000,0.1378,48,0.5825,0,0
SYN-2022-0385,2022,2807.01,1725.58,605.46,4000,0.1028,36,0.4302,0,0
SYN-2022-0386,2022,2982.67,1521.23,374.59,20000,0.1666,36,0.2335,0,0
SYN-2022-0387,2022,2181.77,1075.19,470.01,4000,0.1329,48,0.2876,0,0
SYN-2022-0388,2022,3799.44,2003.21,177.07,20000,0.13,60,0.8658,0,0
SYN-2022-0389,2022,3220.94,1243.66,633.29,20000,0.1001,60,0.7364,0,0
SYN-2022-0390,2022,4148.09,1732.24,466.42,10000,0.088,36,0.9577,0,0
SYN-2022-0391,2022,3875.1,2086.85,516.81,6000,0.1505,36,0.4619,0,0
SYN-2022-0392,2022,1968.3,960.28,357.57,20000,0.1429,36,0.5827,1,1
SYN-2022-0393,2022,1946.2,1060.45,192.47,20000,0.1365,60,0.6949,0,0
SYN-2022-0394,2022,2538.46,1049.79,242.47,20000,0.1268,36,0.4402,0,0
SYN-2022-0395,2022,3483.98,1821.2,365.1,10000,0.0877,60,0.4544,0,0
SYN-2022-0396,2022,3233.47,1261.96,219.69,15000,0.0911,48,0.7302,0,0
SYN-2022-0397,2022,4316.48,2083.72,991.15,15000,0.1336,36,0.1095,0,0
SYN-2022-0398,2022,2527.25,1635.95,113.59,10000,0.1589,48,0.1367,0,0
SYN-2022-0399,2022,3742.12,1810.39,213.07,10000,0.1476,60,0.6962,0,0
SYN-2022-0400,2022,3827.1,1359.44,750.74,15000,0.16,48,0.6525,0,0
SYN-2022-0401,2022,3768.97,1584.19,535.07,4000,0.1609,36,0.5021,1,0
SYN-2022-0402,2022,2850.58,1670.99,133.35,20000,0.1487,48,0.5247,0,0
SYN-2022-0403,2022,3131.0,1293.72,552.54,20000,0.1483,36,0.85,0,0
SYN-2022-0404,2022,3592.26,1737.88,466.42,6000,0.1262,24,0.4591,0,0
SYN-2022-0405,2022,4647.4,1962.81,344.48,6000,0.1398,48,0.4217,1,0
SYN-2022-0406,2022,4973.62,2434.56,401.63,10000,0.18,24,0.14,0,0
SYN-2022-0407,2022,1909.14,831.98,340.41,20000,0.0853,36,0.4581,0,0
SYN-2022-0408,2022,5109.75,2104.85,295.94,10000,0.0871,24,0.8904,0,0
SYN-2022-0409,2022,4521.84,2140.76,583.05,10000,0.1506,48,0.2684,0,0
SYN-2022-0410,2022,4305.05,1776.87,1022.62,6000,0.0952,24,0.9251,0,0
SYN-2022-0411,2022,3436.02,1233.04,324.43,10000,0.1155,60,0.3504,0,0
SYN-2022-0412,2022,2791.78,1135.17,308.87,10000,0.1645,36,0.3634,0,0
SYN-2022-0413,2022,2190.0,1253.75,112.9,15000,0.1627,60,0.5498,0,0
SYN-2022-0414,2022,3154.35,1761.35,347.36,6000,0.1252,36,0.3755,0,0
SYN-2022-0415,2022,4309.69,2189.05,185.23,4000,0.1679,48,0.6361,1,0
SYN-2022-0416,2022,1626.04,640.23,338.66,20000,0.0841,60,0.2748,1,0
SYN-2022-0417,2022,2104.94,1110.13,381.72,4000,0.1335,36,0.5757,1,0
SYN-2022-0418,2022,1799.95,746.41,446.92,10000,0.1036,48,0.436,0,0
SYN-2022-0419,2022,4773.73,1760.95,1129.71,6000,0.1583,24,0.5256,0,0
SYN-2022-0420,2022,3349.56,1856.27,695.32,4000,0.0805,60,0.7941,0,0
SYN-2022-0421,2022,3945.94,2028.02,690.87,10000,0.1194,48,0.4572,0,0
SYN-2022-0422,2022,3319.9,1625.85,323.15,4000,0.1798,24,0.6337,0,0
SYN-2022-0423,2022,3064.09,1591.52,148.32,10000,0.1139,36,0.7507,0,0
SYN-2022-0424,2022,3330.2,2104.11,671.23,10000,0.1304,24,0.8405,0,0
SYN-2022-0425,2022,5087.16,2276.99,400.34,20000,0.1228,24,0.7549,0,0
SYN-2022-0426,2022,3969.54,1706.64,957.97,15000,0.1271,60,0.2309,0,0
SYN-2022-0427,2022,4389.83,2112.35,567.71,6000,0.0933,24,0.7603,0,0
SYN-2022-0428,2022,3787.25,2224.28,896.67,4000,0.1093,60,0.8119,0,0
SYN-2022-0429,2022,2697.06,1372.57,334.35,20000,0.0819,36,0.5161,0,0
SYN-2022-0430,2022,3312.6,2088.75,353.17,20000,0.1488,48,0.906,0,0
SYN-2022-0431,2022,4784.36,2151.8,882.25,15000,0.0922,36,0.4342,0,0
SYN-2022-0432,2022,2801.55,1479.79,623.26,20000,0.0881,60,0.3271,1,0
SYN-2022-0433,2022,2794.08,1031.34,137.78,10000,0.1362,36,0.6158,0,0
SYN-2022-0434,2022,2818.29,1392.19,142.1,4000,0.1227,24,0.6903,0,0
SYN-2022-0435,2022,2702.74,1240.16,516.11,20000,0.1699,36,0.5985,1,0
SYN-2022-0436,2022,2438.43,1545.67,112.61,4000,0.1197,24,0.8075,0,0
SYN-2022-0437,2022,3711.25,1900.58,743.31,4000,0.1238,24,0.4772,0,0
SYN-2022-0438,2022,2315.24,907.69,386.32,6000,0.1477,24,0.4671,0,0
SYN-2022-0439,2022,1806.14,1163.42,417.31,6000,0.1243,60,0.4144,0,0
SYN-2022-0440,2022,3347.99,1201.24,375.19,15000,0.1359,24,0.6233,0,0
SYN-2022-0441,2022,4711.09,2725.41,861.83,6000,0.1482,48,0.7075,0,0
SYN-2022-0442,2022,3065.56,1351.26,281.74,6000,0.1316,48,0.3682,1,0
SYN-2022-0443,2022,4726.32,3063.1,707.4,15000,0.1042,36,0.1582,0,0
SYN-2022-0444,2022,3575.13,1808.75,275.78,6000,0.1534,36,0.4414,1,0
SYN-2022-0445,2022,1630.75,1041.39,293.39,4000,0.164,24,0.8548,0,0
SYN-2022-0446,2022,3012.24,1753.97,185.32,4000,0.1284,48,0.4708,0,0
SYN-2022-0447,2022,2613.56,1137.59,347.06,4000,0.1564,24,0.4928,0,0
SYN-2022-0448,2022,3182.84,1551.66,377.61,4000,0.1584,60,0.5704,0,0
SYN-2022-0449,2022,4042.31,1494.78,596.79,6000,0.0987,48,0.1914,0,0
SYN-2022-0450,2022,4826.18,2569.95,790.43,4000,0.0853,60,0.7149,0,0
SYN-2022-0451,2022,3448.72,1455.39,349.99,4000,0.0935,60,0.724,0,0
SYN-2022-0452,2022,2476.85,1194.74,462.15,20000,0.1004,48,0.5339,0,0
SYN-2022-0453,2022,1680.29,621.53,290.69,10000,0.1639,48,0.5139,0,0
SYN-2022-0454,2022,2442.06,1117.49,272.81,6000,0.1228,48,0.1828,0,0
SYN-2022-0455,2022,4931.6,2258.36,637.88,20000,0.0991,36,0.2962,0,0
SYN-2022-0456,2022,3888.29,1695.75,882.0,10000,0.1185,24,0.5372,0,0
SYN-2022-0457,2022,1965.43,1109.73,381.04,6000,0.117,24,0.8575,0,0
SYN-2022-0458,2022,2496.84,1173.48,480.99,6000,0.1797,24,0.2026,0,0
SYN-2022-0459,2022,3376.26,1836.46,683.59,4000,0.1421,60,0.9657,0,0
SYN-2022-0460,2022,2649.35,1540.11,195.33,4000,0.1536,48,0.8333,0,0
SYN-2022-0461,2022,4731.23,2845.32,816.77,4000,0.1477,24,0.8313,0,0
SYN-2022-0462,2022,2097.92,755.43,372.01,10000,0.1561,24,0.8917,1,0
SYN-2022-0463,2022,3311.0,1943.48,161.39,10000,0.1263,48,0.7526,0,0
SYN-2022-0464,2022,4254.15,2755.45,1017.55,20000,0.1486,24,0.7901,0,0
SYN-2022-0465,2022,3153.64,1904.6,420.05,6000,0.1207,60,0.7787,0,0
SYN-2022-0466,2022,1900.54,1075.17,269.85,4000,0.1726,36,0.3501,0,0
SYN-2022-0467,2022,4123.59,2436.23,698.57,15000,0.1167,24,0.6855,0,0
SYN-2022-0468,2022,2572.22,1141.09,191.91,4000,0.0905,24,0.1843,0,0
SYN-2022-0469,2022,1698.89,695.58,273.53,20000,0.1719,60,0.3169,1,0
SYN-2022-0470,2022,3181.95,1402.16,451.88,6000,0.1759,36,0.1668,1,0
SYN-2022-0471,2022,4547.16,2071.25,586.82,4000,0.1727,60,0.3001,1,1
SYN-2022-0472,2022,2648.26,1167.89,392.12,15000,0.1704,48,0.0737,0,0
SYN-2022-0473,2022,4809.32,2591.57,410.93,15000,0.0946,36,0.6387,0,0
SYN-2022-0474,2022,3863.38,2295.8,727.12,15000,0.1632,24,0.7,0,0
SYN-2022-0475,2022,4669.88,2089.87,864.12,15000,0.0893,60,0.8445,0,0
SYN-2022-0476,2022,2882.49,1582.26,186.25,4000,0.1694,36,0.5165,0,0
SYN-2022-0477,2022,2107.38,840.98,133.73,4000,0.1455,36,0.803,0,0
SYN-2022-0478,2022,4848.97,2037.66,536.47,10000,0.1635,60,0.4012,0,0
SYN-2022-0479,2022,3475.96,2108.96,858.75,15000,0.1669,24,0.6533,0,0
SYN-2022-0480,2022,2223.21,846.08,142.62,20000,0.1707,24,0.6705,0,1
SYN-2022-0481,2022,3047.04,1502.87,377.45,10000,0.135,24,0.6743,0,0
SYN-2022-0482,2022,2335.26,860.73,151.66,15000,0.1662,24,0.8112,0,0
SYN-2022-0483,2022,4747.13,2185.16,875.51,20000,0.151,24,0.4349,0,0
SYN-2022-0484,2022,3039.97,1885.72,653.38,10000,0.1221,36,0.4448,0,0
SYN-2022-0485,2022,2060.79,1156.14,462.04,10000,0.1112,60,0.3242,0,0
SYN-2022-0486,2022,1834.84,1074.6,340.9,20000,0.1354,36,0.5819,0,0
SYN-2022-0487,2022,1716.62,749.62,140.83,20000,0.122,24,0.3007,0,0
SYN-2022-0488,2022,3648.82,1507.66,419.45,6000,0.1278,36,0.5275,0,0
SYN-2022-0489,2022,4729.95,2769.38,229.78,4000,0.1668,60,0.4129,0,0
SYN-2022-0490,2022,2248.35,991.07,433.36,15000,0.1219,60,0.6908,0,0
SYN-2022-0491,2022,3499.51,2143.38,839.54,10000,0.0847,48,0.4197,0,0
SYN-2022-0492,2022,3571.13,1360.0,600.59,20000,0.1246,36,0.4128,0,0
SYN-2022-0493,2022,2591.23,1078.19,306.23,10000,0.1324,36,0.7815,0,0
SYN-2022-0494,2022,4162.76,1594.55,989.8,6000,0.1088,60,0.7271,0,0
SYN-2022-0495,2022,2928.95,1786.64,490.93,15000,0.1397,48,0.2571,0,0
SYN-2022-0496,2022,4576.92,2568.77,376.89,4000,0.0816,60,0.4695,0,0
SYN-2022-0497,2022,5194.61,2566.4,926.88,6000,0.1677,48,0.4743,0,0
SYN-2022-0498,2022,1607.95,860.33,160.71,15000,0.1305,60,0.3197,0,0
SYN-2022-0499,2022,1903.86,694.68,465.48,15000,0.1223,36,0.6621,1,0
SYN-2022-0500,2022,1732.62,904.33,147.41,15000,0.1763,48,0.5652,1,0
SYN-2022-0501,2022,2212.39,1344.2,138.24,6000,0.1485,60,0.7327,0,0
SYN-2022-0502,2022,2217.33,1217.26,522.47,15000,0.1242,60,0.0612,0,0
SYN-2022-0503,2022,1951.71,1204.2,245.59,6000,0.1232,48,0.2125,0,0
SYN-2022-0504,2022,4929.61,2205.23,343.27,10000,0.1131,48,0.6983,0,0
SYN-2022-0505,2022,3748.9,1377.91,281.15,6000,0.1383,48,0.514,0,0
SYN-2022-0506,2022,3877.04,2152.07,209.24,4000,0.0984,36,0.3217,0,0
SYN-2022-0507,2022,2922.98,1397.1,538.9,10000,0.172,48,0.3987,0,0
SYN-2022-0508,2022,2405.34,1091.47,368.74,15000,0.1691,60,0.4167,1,0
SYN-2022-0509,2022,2290.19,1244.3,529.56,6000,0.1538,36,0.5303,0,0
SYN-2022-0510,2022,4705.11,2873.16,1102.84,15000,0.0819,48,0.467,0,0
SYN-2022-0511,2022,2500.52,1185.6,198.57,4000,0.1547,24,0.3848,0,0
SYN-2022-0512,2022,3524.93,1372.17,634.11,6000,0.1728,36,0.7028,0,0
SYN-2022-0513,2022,2243.67,833.36,398.98,4000,0.1541,24,0.5957,0,0
SYN-2022-0514,2022,1851.97,1019.4,253.25,15000,0.093,36,0.5811,0,0
SYN-2022-0515,2022,1884.42,763.79,399.6,10000,0.1562,60,0.4672,0,0
SYN-2022-0516,2022,2240.67,1377.61,518.33,4000,0.1412,48,0.0668,0,0
SYN-2022-0517,2022,1888.32,965.41,371.09,10000,0.1688,36,0.2528,0,0
SYN-2022-0518,2022,3318.81,1596.21,670.76,15000,0.1608,24,0.6494,0,0
SYN-2022-0519,2022,4874.39,2230.1,276.94,4000,0.1419,60,0.4812,1,0
SYN-2022-0520,2022,3250.3,1650.9,708.33,4000,0.1156,48,0.2905,0,0
SYN-2022-0521,2022,1693.05,1084.57,264.42,15000,0.1042,48,0.6983,0,0
SYN-2022-0522,2022,4977.77,2030.04,397.1,6000,0.1218,48,0.6012,0,0
SYN-2022-0523,2022,3598.17,1878.57,522.35,4000,0.1172,24,0.0199,0,0
SYN-2022-0524,2022,2713.17,984.71,368.06,10000,0.1398,60,0.7294,0,0
SYN-2022-0525,2022,4543.65,1697.55,709.54,6000,0.1494,36,0.3036,0,0
SYN-2022-0526,2022,4135.36,2244.98,766.7,15000,0.1588,60,0.401,1,1
SYN-2022-0527,2022,4015.51,2186.28,189.64,20000,0.1438,36,0.7001,0,0
SYN-2022-0528,2022,4361.77,2265.55,288.58,20000,0.1651,36,0.4042,0,0
SYN-2022-0529,2022,3506.37,1599.2,452.74,15000,0.1507,36,0.858,1,0
SYN-2022-0530,2022,5024.64,2457.99,567.44,15000,0.1413,36,0.4539,0,0
SYN-2022-0531,2022,3794.53,1753.8,594.53,20000,0.1434,24,0.2303,0,0
SYN-2022-0532,2022,1676.91,757.94,341.93,10000,0.1076,36,0.5777,0,0
SYN-2022-0533,2022,2181.13,1048.71,126.72,6000,0.104,24,0.4404,0,0
SYN-2022-0534,2022,2972.16,1545.92,717.87,15000,0.1784,24,0.7137,0,0
SYN-2022-0535,2022,2509.79,1001.2,291.05,15000,0.0857,24,0.7035,1,0
SYN-2022-0536,2022,1729.53,990.18,417.32,15000,0.1621,36,0.4678,1,0
SYN-2022-0537,2022,2642.14,1118.35,532.87,10000,0.0936,48,0.1313,0,0
SYN-2022-0538,2022,2264.95,1417.42,92.6,10000,0.1105,60,0.4791,0,0
SYN-2022-0539,2022,3071.62,1788.51,126.69,4000,0.1328,36,0.2901,0,0
SYN-2022-0540,2022,2352.79,1508.17,508.57,15000,0.1521,48,0.2955,0,0
SYN-2022-0541,2022,2493.15,1494.12,161.91,4000,0.1625,24,0.5652,0,0
SYN-2022-0542,2022,4602.57,2501.4,310.51,6000,0.1543,60,0.3628,0,0
SYN-2022-0543,2022,1627.31,804.3,311.73,15000,0.1022,24,0.0274,0,0
SYN-2022-0544,2022,4905.87,1816.04,1129.79,20000,0.1588,24,0.4213,0,0
SYN-2022-0545,2022,2200.44,1189.13,318.54,15000,0.0912,36,0.6212,0,0
SYN-2022-0546,2022,4428.77,2573.44,902.72,15000,0.1442,24,0.6084,0,0
SYN-2022-0547,2022,1699.56,1043.4,417.79,4000,0.1474,24,0.4067,0,0
SYN-2022-0548,2022,4834.29,2580.19,1111.14,6000,0.152,24,0.5439,0,0
SYN-2022-0549,2022,4418.95,1634.46,1039.7,10000,0.1357,60,0.6537,0,0
SYN-2022-0550,2022,3192.16,2024.91,192.95,6000,0.1761,24,0.2891,0,0
SYN-2022-0551,2022,2490.38,1504.13,361.44,4000,0.1137,60,0.5252,1,0
SYN-2022-0552,2022,4142.76,1834.64,497.7,15000,0.1792,48,0.4168,0,0
SYN-2022-0553,2022,4592.22,2197.42,429.6,15000,0.094,60,0.3656,0,0
SYN-2022-0554,2022,4839.79,2640.08,623.13,6000,0.1742,24,0.7982,0,0
SYN-2022-0555,2022,4962.24,2486.15,1051.36,15000,0.1555,48,0.1483,0,0
SYN-2022-0556,2022,1687.75,985.6,257.4,20000,0.0951,24,0.2826,0,0
SYN-2022-0557,2022,2756.57,1091.05,580.32,6000,0.1327,60,0.2826,0,0
SYN-2022-0558,2022,2890.57,1101.73,635.99,6000,0.1495,36,0.4605,0,0
SYN-2022-0559,2022,1677.35,827.96,326.57,4000,0.1521,60,0.8674,0,0
SYN-2022-0560,2022,2057.36,1157.11,312.12,6000,0.1723,24,0.669,0,0
SYN-2022-0561,2022,4333.19,2147.01,954.18,6000,0.1708,36,0.464,1,0
SYN-2022-0562,2022,4128.71,1638.41,894.55,6000,0.1251,24,0.9184,0,0
SYN-2022-0563,2022,1658.83,822.6,302.96,10000,0.0959,48,0.4097,0,0
SYN-2022-0564,2022,2213.75,1267.13,114.87,15000,0.1703,48,0.438,0,0
SYN-2022-0565,2022,5095.55,2083.9,272.47,20000,0.1165,24,0.5597,0,0
SYN-2022-0566,2022,4592.65,2649.04,1137.73,4000,0.1481,48,0.1687,0,0
SYN-2022-0567,2022,4556.48,2227.84,270.71,15000,0.1019,48,0.7824,0,0
SYN-2022-0568,2022,4029.17,1702.85,247.99,4000,0.1664,36,0.7103,0,0
SYN-2022-0569,2022,3240.69,1589.41,202.89,6000,0.0962,24,0.8705,0,0
SYN-2022-0570,2022,4224.3,1579.52,448.39,20000,0.0944,36,0.8878,0,0
SYN-2022-0571,2022,4272.79,1645.06,736.94,4000,0.1619,60,0.6582,0,0
SYN-2022-0572,2022,4898.3,2616.48,904.97,4000,0.1179,24,0.7229,0,0
SYN-2022-0573,2022,4124.25,2461.89,545.06,15000,0.1453,36,0.7518,0,0
SYN-2022-0574,2022,2901.34,1204.41,606.39,10000,0.0932,48,0.2245,0,0
SYN-2022-0575,2022,3746.68,2010.91,535.75,15000,0.1599,60,0.5076,0,0
SYN-2022-0576,2022,4557.08,2447.95,574.57,10000,0.1522,24,0.459,0,0
SYN-2022-0577,2022,3067.71,1369.8,217.72,15000,0.1799,48,0.6662,0,0
SYN-2022-0578,2022,4718.72,2216.75,213.18,20000,0.099,24,0.88,0,1
SYN-2022-0579,2022,3423.51,2144.14,211.73,15000,0.0804,48,0.2555,0,0
SYN-2022-0580,2022,4770.71,2511.02,650.88,20000,0.1371,36,0.8239,0,0
SYN-2022-0581,2022,2049.2,885.17,441.81,15000,0.1607,60,0.1973,0,0
SYN-2022-0582,2022,1781.55,909.0,227.65,10000,0.1274,36,0.8702,0,1
SYN-2022-0583,2022,4759.25,1723.58,900.67,6000,0.1219,48,0.6446,0,0
SYN-2022-0584,2022,1744.27,901.83,428.86,15000,0.1326,48,0.0535,0,0
SYN-2022-0585,2022,2713.66,1587.81,271.74,4000,0.1178,24,0.6086,0,0
SYN-2022-0586,2022,2049.0,735.09,204.93,10000,0.1038,48,0.9498,0,0
SYN-2022-0587,2022,4054.16,1548.4,926.59,10000,0.1112,36,0.3582,0,0
SYN-2022-0588,2022,2813.61,1736.74,621.19,15000,0.0984,60,0.5239,0,0
SYN-2022-0589,2022,4709.55,2374.8,228.23,4000,0.1051,60,0.7958,0,0
SYN-2022-0590,2022,1774.78,835.54,246.32,10000,0.1317,24,0.5336,0,0
SYN-2022-0591,2022,2924.63,1143.91,454.52,20000,0.1774,60,0.4603,1,0
SYN-2022-0592,2022,2634.38,1144.37,617.97,15000,0.1657,24,0.2415,0,0
SYN-2022-0593,2022,3295.61,1154.92,511.95,6000,0.1386,24,0.59,0,0
SYN-2022-0594,2022,3671.44,1435.07,866.04,6000,0.1083,36,0.4617,0,0
SYN-2022-0595,2022,4218.63,2418.29,822.04,10000,0.1016,48,0.736,0,0
SYN-2022-0596,2022,2910.83,1507.86,332.69,20000,0.1044,36,0.5537,0,0
SYN-2022-0597,2022,2825.41,1269.28,500.97,10000,0.1051,36,0.4592,0,0
SYN-2022-0598,2022,2033.98,754.24,459.01,20000,0.1186,36,0.5547,0,0
SYN-2022-0599,2022,1942.52,911.72,327.6,10000,0.1085,60,0.9137,0,1
SYN-2023-0000,2023,4317.55,1643.75,532.24,4000,0.1772,24,0.5496,0,0
SYN-2023-0001,2023,1756.47,694.56,333.4,4000,0.1218,36,0.6017,0,0
SYN-2023-0002,2023,4184.25,1484.34,477.9,10000,0.1222,48,0.3344,0,0
SYN-2023-0003,2023,3270.53,1915.99,290.48,20000,0.1033,60,0.0943,0,0
SYN-2023-0004,2023,3099.9,1196.01,415.68,20000,0.1325,36,0.3987,0,0
SYN-2023-0005,2023,3766.59,1531.97,449.07,20000,0.0837,36,0.3073,0,0
SYN-2023-0006,2023,1987.1,805.12,252.03,4000,0.0802,24,0.6866,0,0
SYN-2023-0007,2023,2527.32,1059.07,512.35,10000,0.0994,36,0.6981,0,0
SYN-2023-0008,2023,3673.25,2147.92,591.58,4000,0.1717,60,0.7013,0,0
SYN-2023-0009,2023,3444.48,1935.29,700.02,15000,0.1431,60,0.2714,0,0
SYN-2023-0010,2023,4870.27,2725.95,1196.96,10000,0.1048,36,0.5197,0,0
SYN-2023-0011,2023,5116.19,2724.15,1072.3,15000,0.1455,48,0.4465,0,0
SYN-2023-0012,2023,2056.08,1133.22,432.89,4000,0.1371,60,0.7029,0,0
SYN-2023-0013,2023,3072.57,1658.68,209.54,15000,0.108,24,0.1509,0,0
SYN-2023-0014,2023,2186.77,1250.74,290.69,6000,0.1763,48,0.722,0,0
SYN-2023-0015,2023,2933.05,1483.55,580.53,15000,0.151,48,0.8447,0,0
SYN-2023-0016,2023,2017.2,1000.68,415.58,20000,0.1106,48,0.1823,1,0
SYN-2023-0017,2023,3085.74,1138.13,564.17,4000,0.0921,48,0.181,0,0
SYN-2023-0018,2023,4364.89,1627.52,342.17,4000,0.1465,24,0.7958,0,0
SYN-2023-0019,2023,3712.12,1986.22,363.66,6000,0.1109,36,0.3211,0,0
SYN-2023-0020,2023,3546.96,1956.18,618.53,20000,0.1568,24,0.4739,0,0
SYN-2023-0021,2023,3135.9,1540.5,585.08,15000,0.1094,60,0.4343,0,0
SYN-2023-0022,2023,1967.29,1038.39,285.54,20000,0.1044,60,0.4951,0,0
SYN-2023-0023,2023,4171.64,1803.97,465.27,10000,0.1183,60,0.8961,0,0
SYN-2023-0024,2023,3342.17,2148.36,261.64,4000,0.1468,24,0.8472,1,1
SYN-2023-0025,2023,4894.73,1943.66,1173.35,4000,0.1689,60,0.7356,1,0
SYN-2023-0026,2023,4147.67,2239.17,701.53,6000,0.0926,60,0.3435,0,0
SYN-2023-0027,2023,3087.26,1537.06,694.66,15000,0.0824,60,0.2892,1,0
SYN-2023-0028,2023,1667.81,654.45,415.7,6000,0.0861,48,0.4157,0,0
SYN-2023-0029,2023,3865.29,2345.23,664.05,10000,0.1596,36,0.4707,1,0
SYN-2023-0030,2023,4120.84,2587.3,449.64,4000,0.1749,60,0.8139,1,0
SYN-2023-0031,2023,4551.42,2585.1,554.79,4000,0.0948,60,0.6619,0,0
SYN-2023-0032,2023,4703.49,1924.41,669.09,10000,0.1753,48,0.5113,0,0
SYN-2023-0033,2023,2064.13,1195.85,424.47,10000,0.092,48,0.4923,0,0
SYN-2023-0034,2023,4172.27,2190.54,906.08,6000,0.1377,36,0.5329,1,1
SYN-2023-0035,2023,2248.1,1263.58,215.41,10000,0.1086,36,0.4127,0,0
SYN-2023-0036,2023,3675.31,1333.83,332.62,4000,0.1332,36,0.88,0,0
SYN-2023-0037,2023,3394.42,2189.71,751.42,4000,0.1369,48,0.7809,0,0
SYN-2023-0038,2023,2590.88,952.48,433.07,15000,0.1712,60,0.6021,0,0
SYN-2023-0039,2023,1880.49,885.22,348.2,10000,0.1413,48,0.5771,0,0
SYN-2023-0040,2023,3853.61,1797.96,661.1,20000,0.1242,24,0.334,0,0
SYN-2023-0041,2023,4866.52,3070.59,609.14,15000,0.1756,24,0.3006,1,0
SYN-2023-0042,2023,3422.59,1269.54,295.43,15000,0.12,48,0.7953,0,0
SYN-2023-0043,2023,3918.21,1462.33,866.83,20000,0.1795,60,0.2976,0,0
SYN-2023-0044,2023,2602.38,1365.01,518.94,4000,0.1535,48,0.889,0,1
SYN-2023-0045,2023,4926.65,3035.15,244.7,10000,0.1192,60,0.104,0,0
SYN-2023-0046,2023,4179.54,2709.76,858.74,15000,0.1724,36,0.1636,0,0
SYN-2023-0047,2023,5093.28,1952.15,906.75,4000,0.1054,24,0.3172,0,0
SYN-2023-0048,2023,4406.33,2340.38,588.75,4000,0.1441,24,0.5156,0,0
SYN-2023-0049,2023,4700.61,2459.65,194.88,10000,0.1547,24,0.7201,0,0
SYN-2023-0050,2023,2016.93,1005.82,283.97,10000,0.1615,48,0.6396,0,1
SYN-2023-0051,2023,3257.62,1550.9,131.18,10000,0.0816,48,0.5106,0,0
SYN-2023-0052,2023,5009.4,2750.76,785.94,4000,0.1223,36,0.4923,0,0
SYN-2023-0053,2023,3794.68,1396.56,256.91,10000,0.0896,24,0.7144,0,0
SYN-2023-0054,2023,4317.41,2017.92,262.54,4000,0.1382,36,0.5667,0,0
SYN-2023-0055,2023,4573.0,2447.53,658.0,15000,0.162,36,0.6667,0,0
SYN-2023-0056,2023,1811.33,664.4,149.04,4000,0.115,48,0.6016,0,0
SYN-2023-0057,2023,4201.22,2082.55,514.81,6000,0.1177,24,0.2402,0,0
SYN-2023-0058,2023,1989.49,710.19,404.28,15000,0.1346,24,0.2713,0,0
SYN-2023-0059,2023,4115.82,2225.33,528.3,20000,0.1316,36,0.49,1,0
SYN-2023-0060,2023,3436.56,2012.44,278.32,4000,0.1315,60,0.8823,0,0
SYN-2023-0061,2023,2315.06,1311.05,418.82,15000,0.1646,24,0.8888,1,1
SYN-2023-0062,2023,2896.37,1394.13,480.21,20000,0.1697,36,0.7975,0,0
SYN-2023-0063,2023,4272.11,1707.84,929.68,6000,0.0922,48,0.8286,0,0
SYN-2023-0064,2023,4925.52,3075.37,1010.39,10000,0.1469,24,0.4097,0,0
SYN-2023-0065,2023,2006.83,1040.36,484.26,6000,0.1486,60,0.5372,0,0
SYN-2023-0066,2023,2114.08,1223.43,511.38,10000,0.0803,60,0.3036,0,0
SYN-2023-0067,2023,4355.35,2531.49,949.87,10000,0.1667,48,0.7105,1,1
SYN-2023-0068,2023,1812.74,1172.31,204.84,20000,0.1532,36,0.6888,0,0
SYN-2023-0069,2023,3701.38,2358.81,848.08,6000,0.1342,36,0.2779,0,0
SYN-2023-0070,2023,5158.41,2612.54,799.6,15000,0.1403,48,0.3089,0,0
SYN-2023-0071,2023,3929.59,2167.53,690.56,6000,0.1391,48,0.9095,0,1
SYN-2023-0072,2023,2994.48,1877.71,467.96,20000,0.1785,48,0.8414,0,0
SYN-2023-0073,2023,2176.59,1213.33,341.74,15000,0.1635,36,0.6958,0,0
SYN-2023-0074,2023,1638.35,875.74,310.55,10000,0.1114,48,0.7423,0,0
SYN-2023-0075,2023,5029.3,2123.48,656.16,15000,0.1254,36,0.5141,1,0
SYN-2023-0076,2023,2655.26,1020.61,590.85,10000,0.0902,60,0.4242,0,0
SYN-2023-0077,2023,2005.49,735.3,221.54,6000,0.1701,36,0.4494,1,1
SYN-2023-0078,2023,4322.16,2017.33,366.13,4000,0.1746,24,0.2764,0,0
SYN-2023-0079,2023,4984.14,3124.24,202.7,20000,0.1319,60,0.2481,0,0
SYN-2023-0080,2023,4774.36,2966.18,1070.06,6000,0.1645,48,0.6424,0,0
SYN-2023-0081,2023,2594.05,1215.58,297.33,4000,0.1173,36,0.9293,0,0
SYN-2023-0082,2023,4636.47,1993.08,684.73,10000,0.1053,48,0.7313,0,0
SYN-2023-0083,2023,5176.18,2097.83,277.67,6000,0.1666,60,0.0704,0,0
SYN-2023-0084,2023,4292.96,2283.42,402.97,6000,0.1073,48,0.1272,0,0
SYN-2023-0085,2023,2657.99,1526.06,119.23,10000,0.1257,60,0.48,0,0
SYN-2023-0086,2023,3536.3,1912.09,575.93,10000,0.0933,60,0.2324,0,0
SYN-2023-0087,2023,3894.03,2515.39,332.11,20000,0.1312,24,0.2665,0,0
SYN-2023-0088,2023,2014.06,718.6,368.45,4000,0.1438,36,0.4267,0,0
SYN-2023-0089,2023,4390.46,1564.36,715.06,15000,0.0889,60,0.7915,0,0
SYN-2023-0090,2023,2377.28,1395.86,460.01,20000,0.1066,24,0.4617,0,0
SYN-2023-0091,2023,4724.24,1813.2,879.34,6000,0.1796,48,0.4865,0,0
SYN-2023-0092,2023,2361.17,900.53,102.74,4000,0.1107,36,0.8016,0,0
SYN-2023-0093,2023,3456.73,1873.7,223.68,6000,0.1499,48,0.8397,0,0
SYN-2023-0094,2023,3231.92,1460.94,579.85,10000,0.1118,24,0.7663,0,0
SYN-2023-0095,2023,4692.66,2046.93,1140.66,15000,0.1593,24,0.1505,0,0
SYN-2023-0096,2023,4837.85,2887.13,453.96,20000,0.1074,48,0.4769,0,0
SYN-2023-0097,2023,2518.9,1342.13,439.82,4000,0.1423,48,0.3207,0,0
SYN-2023-0098,2023,3385.83,1395.8,573.59,15000,0.1654,48,0.1091,0,0
SYN-2023-0099,2023,3832.85,1902.21,832.02,10000,0.1476,24,0.4498,0,0
SYN-2023-0100,2023,4920.77,1998.43,676.39,20000,0.1167,24,0.1557,0,0
SYN-2023-0101,2023,2208.28,1024.49,258.42,6000,0.1422,48,0.489,0,0
SYN-2023-0102,2023,2376.38,908.77,323.75,20000,0.0935,24,0.2318,0,0
SYN-2023-0103,2023,1736.5,939.72,200.07,6000,0.0866,60,0.1624,0,0
SYN-2023-0104,2023,3192.02,1578.37,637.54,10000,0.122,36,0.3783,0,0
SYN-2023-0105,2023,3011.04,1347.39,545.86,15000,0.1191,60,0.4479,0,0
SYN-2023-0106,2023,4530.37,1692.79,740.83,15000,0.1368,60,0.8076,1,0
SYN-2023-0107,2023,3304.93,1785.62,411.81,4000,0.1202,48,0.0971,0,0
SYN-2023-0108,2023,2124.44,1113.67,198.08,6000,0.092,60,0.1786,0,0
SYN-2023-0109,2023,4538.9,2446.37,1039.92,20000,0.0997,60,0.8038,0,0
SYN-2023-0110,2023,2163.34,802.86,165.06,10000,0.1747,24,0.2091,0,0
SYN-2023-0111,2023,5184.74,3342.94,1069.1,4000,0.1775,48,0.3772,0,0
SYN-2023-0112,2023,4995.31,2714.73,467.07,15000,0.1003,48,0.3451,0,0
SYN-2023-0113,2023,3824.32,1651.73,448.32,10000,0.1103,36,0.6449,0,0
SYN-2023-0114,2023,2039.61,904.17,318.01,6000,0.1022,36,0.8165,0,0
SYN-2023-0115,2023,4339.93,2654.88,215.96,4000,0.1565,60,0.0645,0,0
SYN-2023-0116,2023,4521.77,1974.4,930.87,15000,0.1547,48,0.0562,0,0
SYN-2023-0117,2023,1649.21,913.87,207.18,10000,0.1565,24,0.7472,0,1
SYN-2023-0118,2023,4902.17,2976.0,1022.94,4000,0.1706,60,0.5283,0,0
SYN-2023-0119,2023,5147.34,2068.31,1005.49,10000,0.0911,36,0.8089,0,0
SYN-2023-0120,2023,4765.29,2181.66,307.14,6000,0.0981,24,0.2541,1,0
SYN-2023-0121,2023,4010.82,1602.31,555.23,4000,0.1186,60,0.358,0,0
SYN-2023-0122,2023,2198.01,1189.77,233.87,15000,0.1644,60,0.3967,1,0
SYN-2023-0123,2023,4400.73,1878.75,637.18,4000,0.0921,36,0.1019,0,0
SYN-2023-0124,2023,2208.93,1178.06,323.98,15000,0.157,24,0.949,0,1
SYN-2023-0125,2023,3380.29,1710.82,275.68,15000,0.1044,36,0.4905,0,0
SYN-2023-0126,2023,1732.1,973.43,257.22,10000,0.1259,36,0.6894,0,0
SYN-2023-0127,2023,5074.02,2103.47,754.25,4000,0.1603,48,0.2379,0,0
SYN-2023-0128,2023,2524.05,1191.66,547.39,20000,0.174,36,0.6719,0,1
SYN-2023-0129,2023,4621.02,2387.9,728.35,15000,0.0966,48,0.6543,0,0
SYN-2023-0130,2023,3349.9,1372.2,260.51,4000,0.1597,24,0.4378,0,0
SYN-2023-0131,2023,3801.0,1455.23,429.04,6000,0.1102,24,0.6926,0,0
SYN-2023-0132,2023,2242.99,1023.9,425.41,6000,0.1146,60,0.0727,0,0
SYN-2023-0133,2023,3482.56,1434.1,498.33,20000,0.1435,36,0.5408,0,0
SYN-2023-0134,2023,4831.98,2115.26,1076.29,6000,0.1482,48,0.8337,0,0
SYN-2023-0135,2023,4136.46,1461.71,675.7,15000,0.0995,48,0.6151,0,0
SYN-2023-0136,2023,3904.29,2500.79,252.75,15000,0.0936,24,0.2644,0,0
SYN-2023-0137,2023,3374.3,1947.25,330.36,6000,0.1595,48,0.5721,0,0
SYN-2023-0138,2023,3937.9,2292.82,420.49,10000,0.1163,24,0.3368,0,0
SYN-2023-0139,2023,3613.78,1292.34,305.96,20000,0.1079,60,0.0795,0,0
SYN-2023-0140,2023,2300.89,958.2,97.84,15000,0.0812,36,0.4001,0,0
SYN-2023-0141,2023,2900.0,1115.76,449.21,10000,0.0863,60,0.412,0,0
SYN-2023-0142,2023,4835.44,2418.59,617.82,4000,0.1443,24,0.1224,0,0
SYN-2023-0143,2023,2425.88,1299.74,361.26,4000,0.1435,36,0.6199,0,0
SYN-2023-0144,2023,1936.99,1069.66,335.34,10000,0.1476,48,0.7066,0,0
SYN-2023-0145,2023,1643.88,727.21,184.15,20000,0.1074,60,0.6528,0,0
SYN-2023-0146,2023,4874.81,2131.44,1092.87,15000,0.1772,36,0.145,0,0
SYN-2023-0147,2023,5113.91,1906.12,272.79,15000,0.1125,60,0.314,1,0
SYN-2023-0148,2023,4007.79,2396.61,349.68,15000,0.1047,60,0.3551,0,0
SYN-2023-0149,2023,3740.6,1392.07,430.81,15000,0.1717,24,0.5258,0,0
SYN-2023-0150,2023,3974.17,2133.12,426.54,4000,0.1631,36,0.5671,1,0
SYN-2023-0151,2023,3028.0,1909.89,673.82,4000,0.1556,36,0.4102,1,0
SYN-2023-0152,2023,2812.65,1076.98,303.4,10000,0.1053,36,0.8299,0,0
SYN-2023-0153,2023,3256.05,1517.61,187.14,20000,0.1098,24,0.3562,1,0
SYN-2023-0154,2023,1749.32,618.51,315.23,4000,0.1782,24,0.4094,0,0
SYN-2023-0155,2023,4565.95,1704.62,394.21,6000,0.1297,48,0.6327,1,0
SYN-2023-0156,2023,5025.82,2290.85,357.15,15000,0.1569,48,0.5836,0,0
SYN-2023-0157,2023,2991.27,1210.16,741.87,15000,0.1163,60,0.3916,0,0
SYN-2023-0158,2023,3480.34,2197.29,830.1,15000,0.0817,36,0.7002,0,0
SYN-2023-0159,2023,1687.61,914.2,230.18,15000,0.1512,60,0.2845,0,0
SYN-2023-0160,2023,3834.6,1492.49,778.41,4000,0.1235,48,0.4062,0,0
SYN-2023-0161,2023,4075.07,2259.54,740.73,15000,0.1387,24,0.663,0,0
SYN-2023-0162,2023,2360.46,1286.18,576.72,4000,0.1571,36,0.727,0,0
SYN-2023-0163,2023,3459.78,1615.8,576.78,6000,0.1553,36,0.3756,0,0
SYN-2023-0164,2023,3144.14,1172.62,425.16,15000,0.084,48,0.1078,0,0
SYN-2023-0165,2023,3711.76,2045.75,283.53,15000,0.0853,36,0.331,0,0
SYN-2023-0166,2023,2682.15,1187.35,526.86,15000,0.1228,24,0.1791,0,0
SYN-2023-0167,2023,2892.46,1665.74,613.62,20000,0.091,24,0.481,0,0
SYN-2023-0168,2023,2418.65,935.2,178.1,10000,0.1203,24,0.4768,0,0
SYN-2023-0169,2023,1811.47,704.38,86.97,6000,0.1157,24,0.734,0,0
SYN-2023-0170,2023,4508.87,2496.74,535.61,15000,0.1616,48,0.4262,0,0
SYN-2023-0171,2023,4597.38,2095.95,510.18,10000,0.136,48,0.3501,0,0
SYN-2023-0172,2023,1980.0,1059.8,486.82,10000,0.1772,48,0.5478,0,0
SYN-2023-0173,2023,3029.03,1193.35,575.94,20000,0.0813,24,0.2548,0,0
SYN-2023-0174,2023,2755.54,1785.64,287.51,20000,0.1567,60,0.1601,0,0
SYN-2023-0175,2023,3877.35,2403.74,863.5,15000,0.1368,36,0.5917,0,0
SYN-2023-0176,2023,3539.73,2148.64,556.57,10000,0.1373,60,0.2611,0,0
SYN-2023-0177,2023,2741.43,1351.94,153.94,10000,0.0836,48,0.528,0,0
SYN-2023-0178,2023,2655.96,959.69,245.62,20000,0.1475,48,0.6118,0,0
SYN-2023-0179,2023,1929.67,822.92,370.03,4000,0.094,60,0.8225,1,0
SYN-2023-0180,2023,2584.44,1110.17,433.02,20000,0.1617,24,0.7378,0,0
SYN-2023-0181,2023,5166.31,2336.75,723.38,10000,0.1125,60,0.6375,0,0
SYN-2023-0182,2023,4626.22,2682.16,814.88,10000,0.0878,24,0.3221,0,0
SYN-2023-0183,2023,1890.29,1176.85,185.77,4000,0.1258,24,0.6991,0,0
SYN-2023-0184,2023,4661.96,2197.85,409.98,10000,0.1162,48,0.7798,0,0
SYN-2023-0185,2023,2044.0,827.58,151.54,10000,0.1415,48,0.7723,0,0
SYN-2023-0186,2023,3582.57,1868.14,282.43,4000,0.167,24,0.3693,0,0
SYN-2023-0187,2023,5175.15,3144.8,465.77,15000,0.0898,48,0.4311,0,0
SYN-2023-0188,2023,4079.94,2418.71,548.35,20000,0.1206,60,0.4032,0,0
SYN-2023-0189,2023,2575.91,1541.12,216.95,15000,0.1486,48,0.1406,0,0
SYN-2023-0190,2023,4833.03,2062.1,502.01,6000,0.1739,24,0.7918,0,0
SYN-2023-0191,2023,3470.99,2127.12,225.77,20000,0.104,24,0.4034,0,0
SYN-2023-0192,2023,1683.18,708.19,317.35,20000,0.1342,48,0.4152,0,0
SYN-2023-0193,2023,2180.08,1285.22,440.72,10000,0.0972,60,0.3883,0,0
SYN-2023-0194,2023,3541.61,2111.07,148.8,15000,0.1705,60,0.8604,0,1
SYN-2023-0195,2023,1990.73,896.7,112.26,4000,0.1265,36,0.4801,1,0
SYN-2023-0196,2023,4883.2,1969.25,249.95,20000,0.1352,24,0.7593,1,1
SYN-2023-0197,2023,4796.63,2175.77,824.35,6000,0.1073,24,0.1494,0,0
SYN-2023-0198,2023,1813.94,701.22,410.55,4000,0.1016,48,0.5412,0,0
SYN-2023-0199,2023,2374.38,870.3,229.38,4000,0.086,24,0.6656,0,0
SYN-2023-0200,2023,2152.62,799.89,260.66,6000,0.1338,48,0.2219,0,1
SYN-2023-0201,2023,5084.21,3291.46,387.98,20000,0.1464,60,0.3348,0,0
SYN-2023-0202,2023,5060.23,2717.43,1128.81,20000,0.1626,60,0.4879,0,0
SYN-2023-0203,2023,2892.25,1570.42,187.05,15000,0.1727,24,0.2485,0,0
SYN-2023-0204,2023,5046.32,2925.73,494.71,6000,0.152,36,0.0714,0,0
SYN-2023-0205,2023,1743.14,777.64,349.13,15000,0.1414,36,0.0852,0,0
SYN-2023-0206,2023,3684.54,1896.94,360.22,10000,0.128,36,0.3025,0,0
SYN-2023-0207,2023,4562.04,2863.21,553.07,4000,0.1541,36,0.6693,0,0
SYN-2023-0208,2023,2955.9,1238.16,400.42,20000,0.1752,36,0.3815,0,0
SYN-2023-0209,2023,1676.2,795.14,358.47,15000,0.1066,24,0.4138,0,0
SYN-2023-0210,2023,5018.36,2987.89,979.84,20000,0.1374,24,0.4377,0,0
SYN-2023-0211,2023,2260.8,1129.71,338.85,10000,0.1148,36,0.309,0,0
SYN-2023-0212,2023,3187.9,1503.84,792.94,15000,0.1628,24,0.3452,0,0
SYN-2023-0213,2023,3562.71,2140.68,536.77,15000,0.1205,36,0.5704,0,0
SYN-2023-0214,2023,2327.62,1016.44,384.37,4000,0.1708,36,0.3128,0,1
SYN-2023-0215,2023,4202.67,2094.69,646.59,10000,0.1585,24,0.3787,0,0
SYN-2023-0216,2023,1767.92,713.2,160.53,20000,0.0818,48,0.5332,0,0
SYN-2023-0217,2023,4013.45,1590.78,800.74,4000,0.1046,60,0.2324,0,0
SYN-2023-0218,2023,4508.54,2217.32,523.32,6000,0.0942,36,0.6587,0,0
SYN-2023-0219,2023,4915.04,2674.7,537.46,10000,0.0992,48,0.469,0,0
SYN-2023-0220,2023,3991.49,1826.79,917.2,4000,0.0951,36,0.5856,0,0
SYN-2023-0221,2023,4389.69,1914.2,820.19,15000,0.1701,24,0.7154,0,0
SYN-2023-0222,2023,3929.11,2042.73,556.77,10000,0.1303,48,0.6461,1,0
SYN-2023-0223,2023,3441.31,1773.49,784.48,4000,0.129,36,0.4242,0,0
SYN-2023-0224,2023,1827.71,1160.89,120.76,20000,0.1179,48,0.6152,0,0
SYN-2023-0225,2023,4992.85,2809.12,950.44,20000,0.146,36,0.4815,0,0
SYN-2023-0226,2023,3268.72,1489.89,739.9,10000,0.1388,24,0.7524,0,0
SYN-2023-0227,2023,4978.54,3148.45,700.39,20000,0.1032,24,0.6173,0,0
SYN-2023-0228,2023,1997.32,1123.01,361.68,10000,0.0999,60,0.6133,0,0
SYN-2023-0229,2023,3892.45,1810.8,534.83,20000,0.1489,36,0.9008,0,0
SYN-2023-0230,2023,2583.46,999.57,168.07,6000,0.0902,24,0.5753,0,0
SYN-2023-0231,2023,3322.1,1452.9,761.63,10000,0.1091,24,0.3418,0,0
SYN-2023-0232,2023,3301.47,1656.33,170.7,15000,0.1695,36,0.3178,0,0
SYN-2023-0233,2023,3018.41,1329.25,547.48,15000,0.1622,48,0.7322,1,0
SYN-2023-0234,2023,2250.3,948.67,218.3,20000,0.1169,48,0.5336,0,0
SYN-2023-0235,2023,3857.05,2496.55,865.91,15000,0.1075,60,0.7686,0,0
SYN-2023-0236,2023,2070.6,1271.41,379.0,10000,0.081,60,0.7631,0,0
SYN-2023-0237,2023,3113.25,1539.68,584.7,4000,0.1769,48,0.4334,0,0
SYN-2023-0238,2023,4412.16,2374.91,928.78,20000,0.0957,60,0.5364,0,0
SYN-2023-0239,2023,2104.97,1008.4,151.14,20000,0.1756,24,0.1679,0,0
SYN-2023-0240,2023,2767.03,1365.45,654.87,15000,0.1582,24,0.3701,0,0
SYN-2023-0241,2023,2018.14,857.14,254.39,6000,0.1174,60,0.3597,0,0
SYN-2023-0242,2023,2606.06,1016.56,602.17,10000,0.111,48,0.5736,0,0
SYN-2023-0243,2023,5081.59,2057.76,780.4,10000,0.18,60,0.5253,0,0
SYN-2023-0244,2023,1984.35,1235.3,461.14,10000,0.1158,24,0.2451,0,0
SYN-2023-0245,2023,3694.8,1565.03,174.58,4000,0.1725,24,0.1398,0,0
SYN-2023-0246,2023,4467.97,2200.76,188.63,4000,0.1297,60,0.0874,0,0
SYN-2023-0247,2023,3110.63,1301.85,715.19,15000,0.179,60,0.1551,0,0
SYN-2023-0248,2023,3141.93,1671.5,260.86,6000,0.1018,48,0.5626,0,1
SYN-2023-0249,2023,5065.58,2371.78,587.41,10000,0.1266,36,0.3826,0,0
SYN-2023-0250,2023,3004.77,1411.52,657.49,4000,0.083,48,0.1205,0,0
SYN-2023-0251,2023,4901.56,2189.83,475.11,10000,0.0937,60,0.7168,0,0
SYN-2023-0252,2023,1999.89,1119.55,318.23,4000,0.0932,36,0.0581,0,0
SYN-2023-0253,2023,4896.04,2122.82,849.34,4000,0.1091,24,0.5467,0,0
SYN-2023-0254,2023,3702.87,1337.87,745.17,4000,0.1524,48,0.2249,0,0
SYN-2023-0255,2023,4315.09,2352.39,840.22,4000,0.1649,48,0.2302,0,0
SYN-2023-0256,2023,2765.38,1415.7,322.47,10000,0.1372,48,0.2332,0,0
SYN-2023-0257,2023,3139.5,1660.16,130.84,4000,0.106,36,0.7736,1,0
SYN-2023-0258,2023,3848.82,1934.75,957.79,6000,0.1575,48,0.3742,0,0
SYN-2023-0259,2023,3023.66,1209.74,262.88,10000,0.1398,60,0.7014,0,0
SYN-2023-0260,2023,2939.77,1076.53,730.24,6000,0.1423,24,0.6619,0,0
SYN-2023-0261,2023,4035.34,1937.22,295.53,6000,0.1041,60,0.6126,0,0
SYN-2023-0262,2023,1664.62,930.67,404.53,15000,0.1362,48,0.5454,0,0
SYN-2023-0263,2023,2193.1,1423.22,180.09,6000,0.1235,24,0.6329,0,0
SYN-2023-0264,2023,2858.27,1793.11,402.46,20000,0.1101,24,0.7181,0,0
SYN-2023-0265,2023,2735.47,1238.73,166.0,20000,0.1019,48,0.7568,0,0
SYN-2023-0266,2023,5110.0,3144.52,698.46,6000,0.1395,60,0.3907,0,0
SYN-2023-0267,2023,3641.03,1518.84,472.74,20000,0.1277,36,0.7784,1,1
SYN-2023-0268,2023,2707.89,1146.96,424.03,6000,0.1789,60,0.3042,0,0
SYN-2023-0269,2023,5157.08,3081.92,667.51,10000,0.1697,60,0.8197,0,0
SYN-2023-0270,2023,2213.39,1190.36,265.03,4000,0.0929,36,0.8011,0,0
SYN-2023-0271,2023,2836.42,1279.3,247.01,15000,0.1707,48,0.5602,0,0
SYN-2023-0272,2023,4810.57,2958.35,1195.22,10000,0.1172,60,0.4472,1,0
SYN-2023-0273,2023,4154.87,2096.52,459.39,6000,0.1053,60,0.2443,1,0
SYN-2023-0274,2023,2920.06,1711.94,620.78,4000,0.0976,60,0.3473,0,0
SYN-2023-0275,2023,2103.1,986.66,325.68,4000,0.1701,24,0.3042,0,0
SYN-2023-0276,2023,2427.58,1089.31,533.42,6000,0.0998,60,0.9316,0,0
SYN-2023-0277,2023,1711.45,738.23,385.5,10000,0.1189,24,0.3417,0,0
SYN-2023-0278,2023,1635.95,622.98,102.14,6000,0.1192,48,0.4849,0,0
SYN-2023-0279,2023,1878.8,869.88,182.54,15000,0.0825,48,0.3942,0,0
SYN-2023-0280,2023,3170.25,1855.75,178.05,6000,0.0987,48,0.4681,0,0
SYN-2023-0281,2023,3344.27,2048.61,618.53,6000,0.0897,48,0.5801,0,0
SYN-2023-0282,2023,3458.05,2150.75,721.59,15000,0.0832,24,0.8174,0,0
SYN-2023-0283,2023,3116.55,1598.06,299.41,6000,0.1171,48,0.5712,0,0
SYN-2023-0284,2023,1714.27,986.65,367.87,20000,0.0811,60,0.5897,0,0
SYN-2023-0285,2023,2051.69,963.56,242.98,6000,0.1204,60,0.4528,0,0
SYN-2023-0286,2023,3921.46,2138.31,775.05,6000,0.1651,60,0.7321,0,0
SYN-2023-0287,2023,2572.29,1424.47,383.16,10000,0.141,48,0.5319,0,0
SYN-2023-0288,2023,5092.1,2049.74,1101.45,15000,0.1396,24,0.6449,0,0
SYN-2023-0289,2023,5153.18,1826.82,327.65,15000,0.1057,60,0.3362,0,0
SYN-2023-0290,2023,2586.65,1511.28,193.35,4000,0.105,36,0.4012,0,0
SYN-2023-0291,2023,1606.81,868.01,156.79,10000,0.1543,48,0.7804,0,0
SYN-2023-0292,2023,3880.7,2122.09,689.88,20000,0.1327,48,0.7964,0,0
SYN-2023-0293,2023,3274.03,1567.02,443.94,10000,0.0883,24,0.596,0,0
SYN-2023-0294,2023,2110.06,1060.38,150.38,4000,0.1451,24,0.8581,0,0
SYN-2023-0295,2023,3004.92,1544.55,515.15,4000,0.162,24,0.3851,1,0
SYN-2023-0296,2023,3781.86,1877.86,500.13,6000,0.1733,48,0.6815,0,0
SYN-2023-0297,2023,2264.37,948.96,327.12,20000,0.1764,36,0.2404,0,0
SYN-2023-0298,2023,2295.92,1175.37,435.13,15000,0.0921,60,0.668,0,0
SYN-2023-0299,2023,3411.96,1270.22,804.43,10000,0.1766,24,0.497,0,0
SYN-2023-0300,2023,2206.47,1011.45,536.97,15000,0.1526,60,0.254,0,0
SYN-2023-0301,2023,3288.14,1562.85,602.98,10000,0.1224,60,0.5817,0,0
SYN-2023-0302,2023,2703.52,1510.65,641.03,10000,0.1365,24,0.4204,0,0
SYN-2023-0303,2023,3748.31,1485.41,180.57,20000,0.1177,24,0.8272,0,0
SYN-2023-0304,2023,2646.1,1542.21,630.77,20000,0.1041,48,0.5343,0,0
SYN-2023-0305,2023,2603.49,1410.84,481.86,6000,0.1072,24,0.4593,0,0
SYN-2023-0306,2023,4840.55,1830.35,1186.99,15000,0.1542,36,0.6847,0,0
SYN-2023-0307,2023,2537.73,1036.31,257.34,4000,0.0878,60,0.5713,0,0
SYN-2023-0308,2023,2906.59,1397.65,218.85,6000,0.1575,36,0.1416,0,0
SYN-2023-0309,2023,4722.24,2301.2,231.32,20000,0.1661,60,0.5652,0,0
SYN-2023-0310,2023,2327.36,1123.04,324.91,15000,0.1381,36,0.0222,0,0
SYN-2023-0311,2023,2372.5,1424.69,203.77,10000,0.1108,36,0.3535,0,0
SYN-2023-0312,2023,3191.49,1479.21,606.13,10000,0.0945,24,0.8853,0,1
SYN-2023-0313,2023,5108.56,2900.5,508.88,6000,0.0925,60,0.1025,0,0
SYN-2023-0314,2023,3365.97,1480.5,768.77,15000,0.1073,24,0.0431,0,0
SYN-2023-0315,2023,4044.52,1828.3,846.5,20000,0.1145,60,0.5791,0,0
SYN-2023-0316,2023,1732.46,967.15,247.07,15000,0.13,36,0.4965,1,0
SYN-2023-0317,2023,4545.46,1783.34,1129.06,20000,0.0805,60,0.3025,0,0
SYN-2023-0318,2023,3180.28,1338.49,766.21,4000,0.1686,60,0.5655,0,0
SYN-2023-0319,2023,2373.35,1444.06,536.22,6000,0.1212,24,0.3124,0,0
SYN-2023-0320,2023,3416.27,2176.52,206.3,6000,0.0848,36,0.5352,0,0
SYN-2023-0321,2023,2165.77,1271.66,531.47,6000,0.1019,60,0.29,0,0
SYN-2023-0322,2023,4728.51,2741.94,668.26,6000,0.1387,60,0.3809,0,0
SYN-2023-0323,2023,4563.22,2909.85,765.24,20000,0.0888,48,0.3789,0,0
SYN-2023-0324,2023,5093.78,3250.01,715.43,4000,0.1172,60,0.3406,0,0
SYN-2023-0325,2023,2620.09,1029.22,619.65,10000,0.1421,60,0.707,0,0
SYN-2023-0326,2023,3652.22,2322.67,448.22,6000,0.1555,60,0.5956,0,0
SYN-2023-0327,2023,1924.49,701.59,181.27,15000,0.1527,48,0.4435,0,0
SYN-2023-0328,2023,3125.69,1596.55,669.2,10000,0.0876,36,0.6366,0,0
SYN-2023-0329,2023,2699.12,986.43,361.88,15000,0.1346,60,0.8396,0,0
SYN-2023-0330,2023,2784.59,1061.76,644.29,6000,0.1456,36,0.5002,0,0
SYN-2023-0331,2023,3486.12,2169.63,152.29,4000,0.0842,36,0.8918,0,0
SYN-2023-0332,2023,3335.31,2094.49,568.17,10000,0.0926,24,0.2544,0,0
SYN-2023-0333,2023,3831.14,2267.68,841.27,6000,0.1419,36,0.7028,1,0
SYN-2023-0334,2023,1607.6,834.82,98.88,4000,0.1562,48,0.5824,0,0
SYN-2023-0335,2023,2719.45,1327.94,448.61,6000,0.1246,24,0.489,0,0
SYN-2023-0336,2023,1962.3,855.32,341.31,6000,0.1379,60,0.5529,0,0
SYN-2023-0337,2023,2489.76,1228.36,102.18,6000,0.1062,60,0.8524,1,0
SYN-2023-0338,2023,1637.43,1043.1,383.82,20000,0.1769,24,0.4858,0,0
SYN-2023-0339,2023,3532.48,1410.79,243.56,10000,0.1359,48,0.4599,0,0
SYN-2023-0340,2023,4617.85,2542.98,318.75,15000,0.1272,48,0.6873,0,0
SYN-2023-0341,2023,4386.61,1717.43,1022.63,20000,0.0956,36,0.7022,0,0
SYN-2023-0342,2023,4372.19,2638.65,312.11,10000,0.163,60,0.6577,0,0
SYN-2023-0343,2023,3408.35,1912.73,679.25,20000,0.1225,60,0.4782,1,0
SYN-2023-0344,2023,3133.67,1489.7,566.29,6000,0.1208,24,0.8586,0,0
SYN-2023-0345,2023,2540.48,1144.94,530.07,20000,0.1034,48,0.6347,0,0
SYN-2023-0346,2023,1922.47,1208.35,395.11,4000,0.14,36,0.3377,0,0
SYN-2023-0347,2023,2652.38,1043.23,596.55,15000,0.1131,48,0.8254,0,0
SYN-2023-0348,2023,4991.76,3132.29,675.81,10000,0.0921,60,0.5284,0,0
SYN-2023-0349,2023,4233.78,2725.67,492.11,6000,0.0865,24,0.6463,1,0
SYN-2023-0350,2023,4647.34,2757.81,398.15,20000,0.0941,24,0.8071,0,0
SYN-2023-0351,2023,3757.78,1485.47,805.34,10000,0.1581,60,0.6686,0,0
SYN-2023-0352,2023,2411.5,1314.32,573.46,4000,0.0839,48,0.0825,1,0
SYN-2023-0353,2023,2209.27,1332.52,149.59,15000,0.0834,36,0.6833,0,0
SYN-2023-0354,2023,2581.52,1465.14,513.59,6000,0.1542,24,0.3893,0,0
SYN-2023-0355,2023,2988.19,1775.27,433.28,6000,0.1259,36,0.4543,0,0
SYN-2023-0356,2023,3212.51,1934.67,795.98,10000,0.0878,48,0.867,0,0
SYN-2023-0357,2023,2938.99,1682.15,487.15,20000,0.104,36,0.745,0,0
SYN-2023-0358,2023,4408.47,1820.6,768.06,10000,0.0979,24,0.2756,0,0
SYN-2023-0359,2023,4603.11,2424.74,929.46,4000,0.1297,36,0.3061,0,0
SYN-2023-0360,2023,2085.33,1299.56,432.29,10000,0.0848,60,0.6455,0,0
SYN-2023-0361,2023,4556.04,1895.98,1106.31,20000,0.0881,48,0.7937,1,0
SYN-2023-0362,2023,3949.81,1653.31,899.17,10000,0.0921,48,0.2995,0,0
SYN-2023-0363,2023,4393.31,2758.41,613.46,15000,0.1783,24,0.8298,0,0
SYN-2023-0364,2023,3384.34,1584.55,817.8,6000,0.1421,48,0.8771,0,1
SYN-2023-0365,2023,2336.11,1033.06,467.79,15000,0.0923,36,0.1538,0,0
SYN-2023-0366,2023,2134.04,1370.36,520.84,6000,0.1622,60,0.7509,0,1
SYN-2023-0367,2023,4365.89,2622.61,462.85,4000,0.1485,36,0.3767,0,0
SYN-2023-0368,2023,3082.23,1323.01,732.83,4000,0.1234,36,0.4336,0,0
SYN-2023-0369,2023,1941.21,933.69,276.93,10000,0.1751,36,0.6319,0,0
SYN-2023-0370,2023,1671.62,971.73,75.51,20000,0.1771,24,0.0561,0,0
SYN-2023-0371,2023,2801.87,1646.54,459.91,10000,0.1532,60,0.2709,0,0
SYN-2023-0372,2023,4691.19,1732.59,820.88,6000,0.1537,36,0.4834,0,0
SYN-2023-0373,2023,4092.08,2122.21,897.49,20000,0.1424,24,0.857,0,0
SYN-2023-0374,2023,3662.33,1585.9,872.82,6000,0.1056,48,0.1011,0,0
SYN-2023-0375,2023,4295.24,1890.97,281.18,4000,0.1249,48,0.7604,0,0
SYN-2023-0376,2023,3928.33,1902.89,941.12,15000,0.1684,24,0.4927,0,0
SYN-2023-0377,2023,4101.25,1608.66,626.7,10000,0.1596,24,0.5176,0,0
SYN-2023-0378,2023,3525.82,1321.28,722.11,10000,0.1559,48,0.804,0,0
SYN-2023-0379,2023,3000.58,1401.49,669.36,6000,0.1307,60,0.7697,1,0
SYN-2023-0380,2023,5088.82,3129.86,447.73,4000,0.1766,48,0.4324,0,0
SYN-2023-0381,2023,4155.0,1648.08,370.81,20000,0.112,24,0.7199,0,0
SYN-2023-0382,2023,3435.0,1202.74,434.54,4000,0.1091,48,0.2796,0,0
SYN-2023-0383,2023,2185.3,1016.01,208.17,20000,0.1455,24,0.6878,1,0
SYN-2023-0384,2023,2261.6,815.05,356.09,4000,0.1739,36,0.856,0,1
SYN-2023-0385,2023,4822.64,2414.92,408.76,10000,0.1024,24,0.2267,0,0
SYN-2023-0386,2023,4538.16,2538.59,902.86,4000,0.1424,24,0.5257,0,0
SYN-2023-0387,2023,1668.19,746.29,120.33,20000,0.1479,60,0.9118,0,0
SYN-2023-0388,2023,4443.18,2178.15,536.58,4000,0.0912,60,0.3543,0,0
SYN-2023-0389,2023,1985.1,742.17,202.82,6000,0.1605,24,0.1623,0,0
SYN-2023-0390,2023,2667.67,1467.57,440.94,4000,0.1136,48,0.5716,0,0
SYN-2023-0391,2023,4987.91,3054.77,999.88,4000,0.1722,48,0.1621,0,0
SYN-2023-0392,2023,4228.5,2556.08,729.29,6000,0.1692,36,0.5766,0,0
SYN-2023-0393,2023,2717.07,1163.14,336.81,6000,0.1294,24,0.2565,0,0
SYN-2023-0394,2023,1711.9,701.15,305.29,20000,0.1517,24,0.619,1,1
SYN-2023-0395,2023,2076.34,772.55,106.43,6000,0.1241,48,0.0505,0,0
SYN-2023-0396,2023,3489.56,1826.64,770.17,15000,0.1497,24,0.5173,0,0
SYN-2023-0397,2023,4018.33,1874.03,491.0,10000,0.1238,24,0.5048,0,0
SYN-2023-0398,2023,2915.8,1800.03,257.49,20000,0.1303,36,0.832,0,0
SYN-2023-0399,2023,2315.06,1109.12,432.91,20000,0.1302,24,0.1741,0,0
SYN-2023-0400,2023,4529.24,2382.4,842.17,10000,0.1676,60,0.7239,1,0
SYN-2023-0401,2023,3034.75,1193.02,236.92,15000,0.1431,48,0.4253,0,0
SYN-2023-0402,2023,2347.87,1224.64,348.73,20000,0.151,48,0.7762,0,0
SYN-2023-0403,2023,3299.31,1330.28,283.01,10000,0.1652,36,0.597,0,0
SYN-2023-0404,2023,2764.52,1629.68,683.26,4000,0.0932,48,0.5177,0,0
SYN-2023-0405,2023,3171.21,1276.95,400.72,4000,0.1179,48,0.625,0,1
SYN-2023-0406,2023,3313.39,1895.33,506.35,10000,0.1497,48,0.3914,1,0
SYN-2023-0407,2023,1989.12,923.68,437.58,6000,0.1311,48,0.6255,0,0
SYN-2023-0408,2023,2618.63,1157.89,283.51,20000,0.1397,60,0.8402,0,0
SYN-2023-0409,2023,2499.37,880.48,537.27,15000,0.1462,48,0.4134,0,0
SYN-2023-0410,2023,4422.92,2341.35,638.1,6000,0.0956,48,0.7021,0,0
SYN-2023-0411,2023,4980.07,2814.72,1158.47,10000,0.0879,36,0.4757,0,0
SYN-2023-0412,2023,4134.86,1847.44,347.37,10000,0.1295,24,0.3671,0,0
SYN-2023-0413,2023,3629.17,1816.12,628.99,6000,0.0842,24,0.7277,1,1
SYN-2023-0414,2023,1857.45,959.28,207.12,10000,0.16,60,0.6044,1,0
SYN-2023-0415,2023,1895.61,1146.8,311.78,15000,0.1768,48,0.7329,0,0
SYN-2023-0416,2023,4064.72,2274.07,656.57,10000,0.1471,60,0.3232,0,0
SYN-2023-0417,2023,2872.04,1476.79,394.77,15000,0.1392,24,0.6294,0,0
SYN-2023-0418,2023,4531.64,1957.26,1107.62,10000,0.1455,36,0.4952,0,0
SYN-2023-0419,2023,3195.56,1254.96,585.78,15000,0.1552,48,0.4757,0,0
SYN-2023-0420,2023,4520.7,2764.05,997.6,6000,0.1514,48,0.4668,1,1
SYN-2023-0421,2023,2793.38,1369.82,165.96,6000,0.1166,24,0.6938,0,0
SYN-2023-0422,2023,2364.62,1244.01,457.35,10000,0.0925,60,0.7433,0,0
SYN-2023-0423,2023,5066.13,3210.72,815.4,15000,0.1038,36,0.2452,0,0
SYN-2023-0424,2023,5019.02,3261.31,1097.5,10000,0.0806,36,0.5295,0,0
SYN-2023-0425,2023,4125.05,2536.64,654.74,20000,0.1283,48,0.6827,0,0
SYN-2023-0426,2023,3920.01,1861.08,974.74,4000,0.1054,36,0.358,0,0
SYN-2023-0427,2023,4498.1,2609.73,609.32,10000,0.1169,48,0.5287,1,0
SYN-2023-0428,2023,2205.1,1091.19,302.48,6000,0.1679,48,0.5314,0,0
SYN-2023-0429,2023,2222.53,1247.84,433.15,20000,0.1545,60,0.2465,0,0
SYN-2023-0430,2023,4234.02,2361.95,268.29,10000,0.1785,24,0.5946,0,0
SYN-2023-0431,2023,2957.14,1155.0,380.59,15000,0.1643,24,0.3633,0,0
SYN-2023-0432,2023,2771.31,1662.94,596.92,6000,0.1288,48,0.5143,0,0
SYN-2023-0433,2023,1670.76,708.46,287.13,10000,0.1541,36,0.7719,0,0
SYN-2023-0434,2023,2400.2,1078.41,106.83,20000,0.1738,60,0.6965,0,0
SYN-2023-0435,2023,4180.79,1478.29,768.11,10000,0.1344,48,0.377,0,0
SYN-2023-0436,2023,4875.89,2350.83,1066.88,10000,0.0825,48,0.3061,1,0
SYN-2023-0437,2023,2486.48,970.08,510.6,15000,0.127,36,0.6938,1,0
SYN-2023-0438,2023,2483.33,1049.08,407.92,4000,0.1372,24,0.9435,0,0
SYN-2023-0439,2023,3418.55,2215.69,443.24,20000,0.1183,24,0.5037,0,0
SYN-2023-0440,2023,2757.82,1155.23,414.5,20000,0.1419,48,0.2887,0,0
SYN-2023-0441,2023,3733.35,2390.47,890.67,10000,0.1259,48,0.4676,0,0
SYN-2023-0442,2023,1942.65,1086.21,234.1,20000,0.1711,48,0.3101,0,0
SYN-2023-0443,2023,3480.81,1477.61,237.88,4000,0.0958,36,0.4224,0,0
SYN-2023-0444,2023,3752.99,1790.01,697.69,10000,0.1522,36,0.3627,0,0
SYN-2023-0445,2023,3464.52,1576.16,664.42,15000,0.1339,48,0.47,0,0
SYN-2023-0446,2023,2822.19,1538.04,336.44,20000,0.0981,48,0.5788,0,0
SYN-2023-0447,2023,1678.96,899.38,107.85,4000,0.1067,24,0.6056,0,0
SYN-2023-0448,2023,4932.28,2183.78,381.62,4000,0.1671,36,0.2485,0,0
SYN-2023-0449,2023,3785.36,1348.5,679.15,20000,0.0922,24,0.1283,0,0
SYN-2023-0450,2023,2469.46,1096.99,611.65,4000,0.1768,48,0.9673,0,0
SYN-2023-0451,2023,2654.43,999.43,661.65,6000,0.145,48,0.2451,0,0
SYN-2023-0452,2023,2692.2,1040.47,232.37,20000,0.1742,60,0.6739,0,0
SYN-2023-0453,2023,2448.57,1034.4,402.22,10000,0.1333,36,0.3992,0,0
SYN-2023-0454,2023,2268.91,1167.48,329.35,10000,0.156,60,0.576,0,0
SYN-2023-0455,2023,2658.23,1089.28,663.95,20000,0.1599,36,0.7716,0,0
SYN-2023-0456,2023,3934.92,2026.01,908.31,6000,0.1516,60,0.5465,0,0
SYN-2023-0457,2023,3115.95,1346.31,307.23,15000,0.1643,24,0.4881,0,0
SYN-2023-0458,2023,2354.89,1056.91,564.52,20000,0.1467,36,0.2503,0,0
SYN-2023-0459,2023,5034.9,2474.39,567.55,10000,0.1072,60,0.6983,0,1
SYN-2023-0460,2023,2879.65,1352.25,266.96,15000,0.1096,24,0.2482,0,0
SYN-2023-0461,2023,3570.86,1988.03,786.27,4000,0.1022,48,0.6405,0,0
SYN-2023-0462,2023,1612.24,666.5,207.47,4000,0.1493,60,0.1896,0,0
SYN-2023-0463,2023,1933.51,708.04,286.27,6000,0.1508,36,0.5027,0,0
SYN-2023-0464,2023,4191.76,2430.58,442.19,20000,0.1403,36,0.5887,0,0
SYN-2023-0465,2023,3182.16,1229.15,499.4,6000,0.1188,60,0.2209,0,0
SYN-2023-0466,2023,4304.62,2374.32,333.43,4000,0.1275,60,0.4191,0,0
SYN-2023-0467,2023,2233.41,1061.51,370.51,10000,0.0986,36,0.5171,0,0
SYN-2023-0468,2023,4037.16,2386.66,983.3,20000,0.1165,60,0.494,0,0
SYN-2023-0469,2023,1608.95,866.64,242.81,4000,0.143,60,0.7335,0,0
SYN-2023-0470,2023,4239.57,2396.34,729.22,6000,0.173,48,0.8745,0,0
SYN-2023-0471,2023,4364.09,2257.33,496.32,6000,0.1243,60,0.5871,0,0
SYN-2023-0472,2023,1614.1,1011.84,189.96,6000,0.1383,36,0.3685,0,0
SYN-2023-0473,2023,2724.31,1145.99,454.96,15000,0.1111,36,0.2837,0,0
SYN-2023-0474,2023,2147.51,987.09,379.75,6000,0.0904,36,0.2896,0,0
SYN-2023-0475,2023,3278.26,1572.25,704.11,15000,0.1742,60,0.0914,0,0
SYN-2023-0476,2023,3028.82,1067.46,337.15,15000,0.0845,60,0.5442,0,0
SYN-2023-0477,2023,2400.5,1505.16,136.69,20000,0.1726,36,0.6189,0,0
SYN-2023-0478,2023,2517.56,1206.59,569.25,10000,0.0848,36,0.4207,0,0
SYN-2023-0479,2023,4023.63,1518.62,858.47,6000,0.1791,24,0.8253,0,0
SYN-2023-0480,2023,3964.79,1614.73,866.4,4000,0.1611,36,0.6891,0,0
SYN-2023-0481,2023,2715.12,1704.62,336.92,15000,0.0902,36,0.3341,0,0
SYN-2023-0482,2023,3247.49,1439.99,490.59,20000,0.1497,60,0.5951,0,0
SYN-2023-0483,2023,3471.32,1763.64,223.5,10000,0.1519,48,0.4791,0,0
SYN-2023-0484,2023,2149.19,1072.34,96.97,4000,0.1596,60,0.3427,0,0
SYN-2023-0485,2023,2308.62,882.35,359.88,20000,0.093,48,0.8583,0,0
SYN-2023-0486,2023,4147.81,2197.58,983.61,20000,0.0816,36,0.7597,0,0
SYN-2023-0487,2023,3095.97,1705.78,372.98,4000,0.1026,36,0.4767,1,0
SYN-2023-0488,2023,3000.16,1861.59,414.57,4000,0.0862,24,0.1827,0,0
SYN-2023-0489,2023,3882.9,1709.28,167.12,15000,0.1408,60,0.4004,1,0
SYN-2023-0490,2023,4472.71,1636.91,506.26,10000,0.0986,36,0.0532,0,0
SYN-2023-0491,2023,4078.83,1750.76,211.45,10000,0.1568,24,0.3205,0,0
SYN-2023-0492,2023,3377.72,2146.72,790.88,4000,0.0937,24,0.3609,0,0
SYN-2023-0493,2023,1635.51,689.41,335.64,10000,0.177,36,0.1958,0,0
SYN-2023-0494,2023,3389.57,1809.75,586.55,6000,0.0823,60,0.4048,0,0
SYN-2023-0495,2023,3998.75,1427.79,551.18,20000,0.0947,60,0.4258,0,0
SYN-2023-0496,2023,1788.32,1137.36,359.18,6000,0.0927,36,0.3436,0,0
SYN-2023-0497,2023,2220.35,1131.66,375.0,6000,0.1487,48,0.7894,0,0
SYN-2023-0498,2023,4486.6,2633.01,380.69,4000,0.1322,24,0.3613,0,0
SYN-2023-0499,2023,2946.76,1306.36,379.33,20000,0.1634,24,0.3571,0,0
SYN-2023-0500,2023,2322.32,1504.78,311.38,15000,0.1006,48,0.1049,0,0
SYN-2023-0501,2023,3185.39,1279.6,358.64,15000,0.0816,60,0.5971,0,0
SYN-2023-0502,2023,2931.29,1104.51,362.25,6000,0.1493,48,0.6506,0,0
SYN-2023-0503,2023,4680.42,1891.97,861.86,15000,0.1456,36,0.8114,0,0
SYN-2023-0504,2023,5109.72,1986.13,285.86,4000,0.0942,24,0.1202,0,0
SYN-2023-0505,2023,4648.02,2185.09,757.64,10000,0.1637,24,0.4279,0,0
SYN-2023-0506,2023,4195.55,1900.24,892.36,15000,0.0844,60,0.3046,0,0
SYN-2023-0507,2023,3422.4,1656.96,154.18,4000,0.0911,24,0.4108,1,0
SYN-2023-0508,2023,4016.12,2472.33,813.32,4000,0.1053,24,0.5874,0,0
SYN-2023-0509,2023,5079.8,2573.6,848.2,15000,0.1403,24,0.6792,0,0
SYN-2023-0510,2023,2278.51,1077.27,331.8,10000,0.0956,24,0.8425,0,0
SYN-2023-0511,2023,4715.47,2239.44,339.3,10000,0.173,48,0.8786,0,0
SYN-2023-0512,2023,2082.5,1132.81,492.03,4000,0.1002,48,0.1276,1,0
SYN-2023-0513,2023,4087.71,2131.82,549.15,15000,0.1757,36,0.5424,1,0
SYN-2023-0514,2023,3842.3,2217.01,854.95,10000,0.1257,60,0.1471,0,0
SYN-2023-0515,2023,2554.21,1306.26,221.5,15000,0.1145,60,0.3864,0,0
SYN-2023-0516,2023,4889.75,2348.32,830.4,10000,0.1374,24,0.4165,0,0
SYN-2023-0517,2023,3756.5,2359.43,585.81,15000,0.1677,24,0.2767,1,0
SYN-2023-0518,2023,4593.64,1757.96,1142.08,10000,0.1577,48,0.7214,0,0
SYN-2023-0519,2023,1637.51,688.56,68.58,4000,0.1094,36,0.8412,1,1
SYN-2023-0520,2023,2245.13,993.61,272.59,4000,0.1013,24,0.6406,0,0
SYN-2023-0521,2023,3720.71,2137.17,228.2,20000,0.1395,60,0.2706,1,0
SYN-2023-0522,2023,1768.73,1056.79,331.05,20000,0.1006,48,0.1929,0,0
SYN-2023-0523,2023,4062.1,1868.31,455.91,20000,0.1131,60,0.7946,0,0
SYN-2023-0524,2023,2772.67,1193.0,464.92,15000,0.1761,36,0.6535,0,0
SYN-2023-0525,2023,2940.53,1294.49,713.33,6000,0.1744,48,0.2696,1,0
SYN-2023-0526,2023,3616.95,1818.68,725.02,6000,0.1695,60,0.2735,0,0
SYN-2023-0527,2023,3660.57,1894.8,519.93,10000,0.086,48,0.6615,0,0
SYN-2023-0528,2023,4378.9,2671.13,885.84,4000,0.1189,36,0.786,0,0
SYN-2023-0529,2023,3014.96,1329.31,253.09,15000,0.1519,24,0.3771,1,0
SYN-2023-0530,2023,2868.52,1656.94,374.41,4000,0.0869,48,0.3414,0,0
SYN-2023-0531,2023,4890.9,2199.39,552.12,15000,0.1707,48,0.4793,0,0
SYN-2023-0532,2023,1861.84,683.43,364.74,4000,0.0898,36,0.6816,0,0
SYN-2023-0533,2023,4627.34,2817.11,823.74,4000,0.0882,48,0.2942,0,0
SYN-2023-0534,2023,4832.04,2140.96,354.43,15000,0.0953,60,0.5107,0,0
SYN-2023-0535,2023,3819.81,2478.15,574.04,4000,0.0856,24,0.6082,1,0
SYN-2023-0536,2023,3754.65,2428.86,249.49,15000,0.1729,48,0.3541,0,0
SYN-2023-0537,2023,2042.9,1262.09,105.65,4000,0.0938,36,0.3263,1,0
SYN-2023-0538,2023,4710.92,2839.45,1048.27,10000,0.1281,48,0.3745,0,0
SYN-2023-0539,2023,4975.06,2879.34,838.88,15000,0.1176,24,0.1574,0,0
SYN-2023-0540,2023,3876.16,1786.49,741.27,15000,0.1611,24,0.6202,0,0
SYN-2023-0541,2023,4172.61,2539.0,179.47,6000,0.1135,60,0.345,0,0
SYN-2023-0542,2023,4868.53,3146.81,1150.94,15000,0.1073,48,0.6283,0,0
SYN-2023-0543,2023,1662.92,826.14,121.86,4000,0.1797,36,0.3768,0,0
SYN-2023-0544,2023,4334.56,1531.6,952.47,10000,0.1226,24,0.492,0,0
SYN-2023-0545,2023,4474.93,1887.0,908.62,10000,0.1774,36,0.289,0,0
SYN-2023-0546,2023,2756.49,966.75,127.28,4000,0.1424,48,0.6857,0,0
SYN-2023-0547,2023,4049.55,1631.29,434.99,15000,0.1199,60,0.5362,0,0
SYN-2023-0548,2023,1747.24,798.92,197.1,15000,0.1105,24,0.3156,1,0
SYN-2023-0549,2023,3960.73,1567.16,832.29,10000,0.12,60,0.4315,0,0
SYN-2023-0550,2023,2348.37,1328.85,324.22,10000,0.1195,24,0.8511,1,1
SYN-2023-0551,2023,4841.65,2084.27,282.65,6000,0.1098,60,0.3882,1,0
SYN-2023-0552,2023,2191.66,1005.34,107.94,4000,0.1648,60,0.2838,1,1
SYN-2023-0553,2023,2471.96,1087.61,443.7,6000,0.1643,60,0.5933,0,0
SYN-2023-0554,2023,2757.03,1343.74,370.47,20000,0.1065,24,0.8638,0,0
SYN-2023-0555,2023,1674.69,1053.41,177.48,10000,0.1217,48,0.2593,0,0
SYN-2023-0556,2023,2180.41,1257.54,358.92,15000,0.1343,48,0.5249,0,1
SYN-2023-0557,2023,3028.67,1628.25,360.99,6000,0.149,60,0.8038,0,0
SYN-2023-0558,2023,4503.81,2637.06,624.21,10000,0.0857,48,0.7644,0,0
SYN-2023-0559,2023,2687.55,1661.22,262.39,15000,0.1613,36,0.7217,1,1
SYN-2023-0560,2023,3925.96,1899.44,712.75,6000,0.1063,60,0.5371,0,0
SYN-2023-0561,2023,3907.0,2444.23,203.46,20000,0.1269,24,0.6052,0,0
SYN-2023-0562,2023,2266.98,823.44,439.13,10000,0.1738,36,0.2062,1,0
SYN-2023-0563,2023,4960.57,3182.56,892.81,4000,0.1789,24,0.8151,0,0
SYN-2023-0564,2023,2294.71,905.69,149.3,6000,0.1191,36,0.3478,0,0
SYN-2023-0565,2023,2577.5,944.72,448.69,6000,0.0908,48,0.5198,1,0
SYN-2023-0566,2023,3001.73,1603.35,508.0,4000,0.1449,36,0.5513,0,0
SYN-2023-0567,2023,4771.02,2848.89,849.96,6000,0.1321,60,0.578,1,0
SYN-2023-0568,2023,3631.41,1718.66,209.72,20000,0.1371,48,0.5612,0,0
SYN-2023-0569,2023,4207.89,1667.36,510.02,4000,0.1752,60,0.2459,0,0
SYN-2023-0570,2023,3522.53,1429.92,424.82,15000,0.1416,48,0.5029,0,0
SYN-2023-0571,2023,1997.23,939.79,178.39,20000,0.1306,24,0.6044,0,0
SYN-2023-0572,2023,4355.56,2138.64,628.91,10000,0.1486,48,0.8516,0,0
SYN-2023-0573,2023,1845.39,779.36,260.08,10000,0.1148,48,0.5913,0,0
SYN-2023-0574,2023,1914.85,950.47,267.12,6000,0.1622,36,0.619,0,0
SYN-2023-0575,2023,2464.67,1499.33,263.25,4000,0.1288,24,0.219,0,0
SYN-2023-0576,2023,2230.73,1018.95,541.37,4000,0.1647,60,0.519,0,0
SYN-2023-0577,2023,2596.48,1429.01,261.86,15000,0.1568,36,0.8588,0,0
SYN-2023-0578,2023,1997.51,712.94,407.69,20000,0.115,36,0.685,0,0
SYN-2023-0579,2023,3236.74,1567.16,785.13,6000,0.1237,24,0.0292,0,0
SYN-2023-0580,2023,4167.72,2517.69,766.7,6000,0.1464,60,0.4734,0,0
SYN-2023-0581,2023,3674.99,1674.6,563.52,20000,0.1286,48,0.5895,0,0
SYN-2023-0582,2023,4496.37,2095.82,402.84,20000,0.0931,48,0.6215,0,0
SYN-2023-0583,2023,3027.58,1682.26,526.79,20000,0.0858,36,0.5178,0,0
SYN-2023-0584,2023,2094.0,794.37,367.45,10000,0.1437,24,0.3697,0,0
SYN-2023-0585,2023,3968.6,2091.9,294.28,10000,0.1659,36,0.0982,0,0
SYN-2023-0586,2023,2520.38,1177.36,232.8,15000,0.1274,60,0.4943,1,0
SYN-2023-0587,2023,2388.48,931.07,164.93,6000,0.0969,60,0.6252,0,0
SYN-2023-0588,2023,2577.23,1057.24,160.87,15000,0.0887,48,0.147,0,0
SYN-2023-0589,2023,3348.55,1324.55,641.07,15000,0.1082,48,0.9513,0,0
SYN-2023-0590,2023,3553.6,1682.06,413.47,20000,0.1333,36,0.5102,0,0
SYN-2023-0591,2023,4378.7,2633.08,623.57,20000,0.1174,48,0.4166,0,0
SYN-2023-0592,2023,2055.67,1162.02,352.15,10000,0.1308,24,0.5233,1,0
SYN-2023-0593,2023,4127.44,2472.5,894.46,20000,0.1634,36,0.3276,0,0
SYN-2023-0594,2023,4780.57,2736.12,302.16,10000,0.0946,36,0.5528,0,0
SYN-2023-0595,2023,2817.3,1200.36,426.89,10000,0.0803,60,0.3163,0,1
SYN-2023-0596,2023,5194.59,2807.08,1056.74,10000,0.1301,36,0.585,0,0
SYN-2023-0597,2023,4457.28,2468.28,543.81,20000,0.1751,60,0.0336,1,1
SYN-2023-0598,2023,5034.67,2529.25,1218.52,10000,0.1481,48,0.6269,0,0
SYN-2023-0599,2023,3138.53,1728.28,299.29,6000,0.1698,60,0.4374,1,0
SYN-2024-0000,2024,2507.31,1608.77,261.93,10000,0.1763,24,0.4306,0,0
SYN-2024-0001,2024,2239.34,1362.75,426.87,4000,0.1283,60,0.3266,0,0
SYN-2024-0002,2024,3551.76,2259.05,541.54,4000,0.1736,24,0.2283,0,0
SYN-2024-0003,2024,4679.65,2018.92,1014.78,15000,0.0875,24,0.4622,0,0
SYN-2024-0004,2024,2299.68,961.8,278.95,20000,0.125,48,0.2843,0,0
SYN-2024-0005,2024,2615.33,1057.94,115.1,20000,0.0804,36,0.5694,0,0
SYN-2024-0006,2024,4823.9,2981.02,309.71,15000,0.1381,60,0.472,0,0
SYN-2024-0007,2024,3309.31,2010.63,310.75,4000,0.1312,48,0.3438,1,0
SYN-2024-0008,2024,2159.33,827.2,362.89,4000,0.1491,48,0.249,0,0
SYN-2024-0009,2024,3336.83,1879.52,220.96,15000,0.1505,60,0.257,0,0
SYN-2024-0010,2024,3114.02,1213.9,464.67,15000,0.1046,48,0.3945,0,0
SYN-2024-0011,2024,3229.28,1777.21,192.93,6000,0.0903,60,0.7122,0,0
SYN-2024-0012,2024,4011.57,1524.98,855.78,10000,0.1455,60,0.4271,1,1
SYN-2024-0013,2024,4198.0,1878.81,485.13,10000,0.1459,60,0.4035,0,0
SYN-2024-0014,2024,2478.64,1598.93,323.13,6000,0.1455,24,0.0584,0,0
SYN-2024-0015,2024,4384.16,2106.54,1053.1,15000,0.1298,24,0.2753,0,0
SYN-2024-0016,2024,4865.28,3137.6,837.15,10000,0.1371,60,0.1898,0,0
SYN-2024-0017,2024,1938.94,910.92,106.54,4000,0.1636,24,0.6998,0,0
SYN-2024-0018,2024,3540.16,1827.01,796.23,15000,0.1023,60,0.1794,0,0
SYN-2024-0019,2024,4564.4,1932.33,319.83,15000,0.1143,36,0.63,0,0
SYN-2024-0020,2024,3894.86,2191.99,798.29,15000,0.1677,48,0.6408,0,0
SYN-2024-0021,2024,2538.51,1406.85,294.39,15000,0.153,48,0.3864,0,0
SYN-2024-0022,2024,2414.75,1250.0,458.96,4000,0.1323,60,0.6298,0,0
SYN-2024-0023,2024,4436.25,1949.4,442.26,6000,0.1019,48,0.6056,0,0
SYN-2024-0024,2024,2796.79,1625.52,429.41,15000,0.113,60,0.6762,0,0
SYN-2024-0025,2024,3915.96,2243.68,967.53,20000,0.1095,24,0.76,0,0
SYN-2024-0026,2024,2425.32,1244.79,425.71,15000,0.0962,60,0.0755,0,0
SYN-2024-0027,2024,2574.65,1232.06,136.18,6000,0.106,48,0.5979,0,0
SYN-2024-0028,2024,1608.27,646.69,183.24,10000,0.1083,48,0.3863,0,0
SYN-2024-0029,2024,3760.74,2161.72,917.49,4000,0.1369,24,0.3034,0,0
SYN-2024-0030,2024,4898.43,2527.49,684.31,6000,0.0994,24,0.3854,0,0
SYN-2024-0031,2024,2800.04,1244.58,150.66,6000,0.1165,24,0.7769,0,0
SYN-2024-0032,2024,2133.02,1027.42,228.31,15000,0.1648,60,0.1492,0,0
SYN-2024-0033,2024,4884.89,2606.89,918.78,20000,0.131,24,0.5647,0,0
SYN-2024-0034,2024,3768.63,1711.77,560.33,6000,0.102,60,0.7623,0,0
SYN-2024-0035,2024,3905.94,2519.87,898.32,6000,0.1584,24,0.7001,0,0
SYN-2024-0036,2024,2936.14,1679.04,376.07,6000,0.1102,60,0.3402,0,0
SYN-2024-0037,2024,4816.11,1952.7,443.51,6000,0.107,60,0.4685,0,0
SYN-2024-0038,2024,2645.54,1476.19,341.28,15000,0.1298,60,0.3973,0,0
SYN-2024-0039,2024,4899.64,2472.15,666.39,6000,0.1734,48,0.2817,0,0
SYN-2024-0040,2024,2335.62,1206.95,325.42,4000,0.0938,48,0.2143,0,0
SYN-2024-0041,2024,3991.0,2109.16,687.69,10000,0.152,60,0.5438,0,0
SYN-2024-0042,2024,2852.33,1538.42,692.6,4000,0.1451,48,0.1455,0,0
SYN-2024-0043,2024,4602.24,1728.87,548.09,10000,0.1301,60,0.2043,0,0
SYN-2024-0044,2024,1611.01,697.17,191.26,4000,0.175,48,0.4909,0,0
SYN-2024-0045,2024,2655.89,978.01,318.8,6000,0.0864,48,0.7004,0,0
SYN-2024-0046,2024,4814.18,2259.16,788.39,15000,0.1151,60,0.623,0,0
SYN-2024-0047,2024,2678.93,1350.23,175.1,6000,0.1106,36,0.7375,0,1
SYN-2024-0048,2024,4836.75,1809.23,239.12,20000,0.1554,36,0.3266,0,0
SYN-2024-0049,2024,3802.37,1783.09,174.39,10000,0.0845,36,0.8464,1,1
SYN-2024-0050,2024,4977.68,3214.71,559.99,6000,0.1114,48,0.7383,0,0
SYN-2024-0051,2024,3785.72,1517.98,648.25,20000,0.1287,48,0.8792,0,0
SYN-2024-0052,2024,1879.68,1065.19,236.91,20000,0.0888,36,0.1024,0,0
SYN-2024-0053,2024,4629.93,1918.16,1056.84,4000,0.1022,36,0.1218,0,0
SYN-2024-0054,2024,1911.24,758.15,359.96,6000,0.1171,48,0.6667,0,0
SYN-2024-0055,2024,3497.57,1504.64,637.78,4000,0.0917,36,0.4287,0,0
SYN-2024-0056,2024,3165.44,1188.5,163.75,20000,0.1045,36,0.2604,0,0
SYN-2024-0057,2024,2811.25,1167.67,609.06,6000,0.1456,60,0.1473,0,1
SYN-2024-0058,2024,3614.73,1468.79,834.03,6000,0.1636,60,0.2608,0,0
SYN-2024-0059,2024,4708.72,2297.5,262.67,10000,0.0967,24,0.6976,0,0
SYN-2024-0060,2024,3658.1,2016.32,859.12,4000,0.1588,60,0.289,0,0
SYN-2024-0061,2024,4810.26,1687.19,938.93,4000,0.1009,48,0.7564,0,0
SYN-2024-0062,2024,3597.66,1644.11,748.91,10000,0.0836,36,0.6464,0,0
SYN-2024-0063,2024,4442.63,2791.93,259.63,4000,0.1004,48,0.7613,1,0
SYN-2024-0064,2024,3565.67,1766.82,272.5,15000,0.1531,24,0.3953,0,0
SYN-2024-0065,2024,3267.45,2039.45,793.66,4000,0.1521,60,0.8058,0,0
SYN-2024-0066,2024,2887.87,1865.46,680.61,6000,0.1131,36,0.7736,0,0
SYN-2024-0067,2024,3214.45,1232.24,324.78,4000,0.0853,48,0.9104,0,0
SYN-2024-0068,2024,3332.82,1379.04,426.67,20000,0.082,60,0.6575,0,0
SYN-2024-0069,2024,4460.29,1905.58,798.96,6000,0.1701,36,0.3666,0,0
SYN-2024-0070,2024,4863.36,2609.59,353.83,20000,0.0923,24,0.2405,0,0
SYN-2024-0071,2024,3276.67,1342.1,666.83,6000,0.0983,48,0.3078,1,0
SYN-2024-0072,2024,4255.38,2291.25,688.64,4000,0.1783,24,0.8875,1,0
SYN-2024-0073,2024,1799.89,727.47,444.46,20000,0.1733,36,0.6337,0,0
SYN-2024-0074,2024,2357.97,1129.14,426.66,4000,0.1497,24,0.7485,1,0
SYN-2024-0075,2024,3507.81,1880.23,299.92,15000,0.1512,24,0.4574,0,0
SYN-2024-0076,2024,3305.74,2011.2,600.96,4000,0.1541,36,0.1555,0,1
SYN-2024-0077,2024,2136.59,870.85,445.3,6000,0.1166,48,0.535,0,0
SYN-2024-0078,2024,2627.81,1109.69,457.82,6000,0.1211,24,0.9504,0,0
SYN-2024-0079,2024,4958.7,2357.39,426.9,15000,0.0973,48,0.3398,0,0
SYN-2024-0080,2024,2095.88,817.21,453.7,15000,0.0837,60,0.7586,0,0
SYN-2024-0081,2024,1742.62,836.05,126.92,4000,0.1024,48,0.7436,0,0
SYN-2024-0082,2024,2378.95,883.76,570.53,10000,0.15,48,0.3555,0,0
SYN-2024-0083,2024,4556.74,2393.49,486.24,6000,0.1628,60,0.2097,0,0
SYN-2024-0084,2024,4346.16,1616.1,346.07,4000,0.1114,36,0.4025,0,0
SYN-2024-0085,2024,2289.7,996.99,505.02,6000,0.1441,24,0.7958,0,0
SYN-2024-0086,2024,2842.67,1761.51,659.07,20000,0.091,48,0.2814,0,0
SYN-2024-0087,2024,2778.95,1330.2,510.46,20000,0.1249,36,0.346,0,0
SYN-2024-0088,2024,4897.54,2878.81,1064.36,6000,0.1523,48,0.4536,0,0
SYN-2024-0089,2024,2629.17,1687.0,409.39,10000,0.1116,60,0.8977,0,1
SYN-2024-0090,2024,4234.0,2243.01,396.01,20000,0.1422,24,0.6037,0,0
SYN-2024-0091,2024,4183.71,2595.8,998.12,6000,0.1044,48,0.1341,0,0
SYN-2024-0092,2024,3406.96,1203.1,377.3,4000,0.1661,48,0.305,0,0
SYN-2024-0093,2024,4759.93,2886.07,908.33,15000,0.1739,24,0.6387,0,0
SYN-2024-0094,2024,4535.74,1650.76,997.76,15000,0.1422,24,0.2518,0,0
SYN-2024-0095,2024,4789.51,2901.25,949.42,4000,0.1417,24,0.4921,0,0
SYN-2024-0096,2024,3881.72,1465.9,268.33,6000,0.1258,24,0.2341,0,0
SYN-2024-0097,2024,5174.07,2366.66,791.02,4000,0.167,60,0.8097,0,0
SYN-2024-0098,2024,2462.49,881.04,470.89,15000,0.1557,48,0.8096,0,0
SYN-2024-0099,2024,2971.2,1650.89,195.15,10000,0.1645,60,0.5585,0,0
SYN-2024-0100,2024,2412.74,1419.37,253.13,10000,0.1636,48,0.4382,0,0
SYN-2024-0101,2024,2555.57,1069.33,212.94,20000,0.16,24,0.3002,0,0
SYN-2024-0102,2024,3012.83,1211.04,410.05,4000,0.0938,24,0.652,0,0
SYN-2024-0103,2024,4798.88,2612.43,1056.06,20000,0.1025,48,0.5328,0,0
SYN-2024-0104,2024,1638.78,705.16,255.86,4000,0.1354,48,0.6866,0,0
SYN-2024-0105,2024,1810.21,1043.79,449.01,6000,0.1738,60,0.7167,0,0
SYN-2024-0106,2024,4477.36,2165.22,579.15,20000,0.1719,24,0.3707,0,0
SYN-2024-0107,2024,5052.51,3227.39,1159.53,4000,0.138,24,0.3934,0,0
SYN-2024-0108,2024,2749.09,1720.8,486.48,15000,0.0989,60,0.3644,1,0
SYN-2024-0109,2024,2084.91,1342.71,381.25,15000,0.0933,24,0.2769,1,0
SYN-2024-0110,2024,3409.12,2025.32,226.5,15000,0.1758,36,0.5408,1,0
SYN-2024-0111,2024,5001.75,2487.18,1083.4,20000,0.0824,36,0.3639,0,0
SYN-2024-0112,2024,2206.92,1158.55,222.05,4000,0.1744,60,0.0991,0,0
SYN-2024-0113,2024,5054.22,1943.31,317.51,10000,0.0854,24,0.8807,0,0
SYN-2024-0114,2024,2491.99,1547.52,289.65,15000,0.1631,36,0.3171,0,0
SYN-2024-0115,2024,2068.23,785.84,194.49,6000,0.0841,60,0.6154,0,0
SYN-2024-0116,2024,2050.49,1111.74,110.69,6000,0.1653,60,0.2394,0,0
SYN-2024-0117,2024,1638.67,867.36,407.65,15000,0.1416,60,0.3962,1,0
SYN-2024-0118,2024,1641.98,998.36,288.77,10000,0.1779,60,0.3381,0,0
SYN-2024-0119,2024,5124.0,2170.47,439.07,4000,0.0992,60,0.9089,0,0
SYN-2024-0120,2024,4819.28,2857.94,643.76,10000,0.1489,60,0.5738,1,1
SYN-2024-0121,2024,4348.39,2259.27,391.34,6000,0.1094,24,0.409,0,0
SYN-2024-0122,2024,4943.32,2274.11,362.62,6000,0.1246,48,0.424,0,0
SYN-2024-0123,2024,4244.22,1488.67,803.05,6000,0.0904,36,0.4747,0,0
SYN-2024-0124,2024,4955.97,2495.59,678.01,15000,0.1554,60,0.3782,0,0
SYN-2024-0125,2024,4987.81,3230.33,1015.56,15000,0.0891,48,0.0662,0,0
SYN-2024-0126,2024,4146.66,2437.74,776.47,6000,0.084,36,0.411,0,0
SYN-2024-0127,2024,4104.3,2116.71,650.15,15000,0.1019,48,0.6674,0,0
SYN-2024-0128,2024,5019.44,3250.06,637.57,4000,0.1014,60,0.7933,0,1
SYN-2024-0129,2024,2153.47,1251.86,450.49,15000,0.0932,60,0.3186,0,0
SYN-2024-0130,2024,2967.27,1574.34,470.43,6000,0.0944,36,0.8154,0,0
SYN-2024-0131,2024,3574.55,1494.83,664.93,6000,0.1254,48,0.649,0,0
SYN-2024-0132,2024,4708.47,2315.64,821.72,20000,0.1701,36,0.2522,0,0
SYN-2024-0133,2024,2736.87,1108.38,578.19,4000,0.1096,24,0.265,0,0
SYN-2024-0134,2024,3572.92,1558.57,800.11,15000,0.0808,36,0.2537,0,0
SYN-2024-0135,2024,4334.09,2163.28,1006.71,15000,0.1461,36,0.6897,0,0
SYN-2024-0136,2024,2384.23,1022.09,567.01,10000,0.1179,36,0.3308,0,0
SYN-2024-0137,2024,3376.49,1886.11,494.29,6000,0.0801,24,0.5291,0,0
SYN-2024-0138,2024,2043.83,903.17,232.9,10000,0.099,24,0.3052,0,1
SYN-2024-0139,2024,2765.23,1597.62,292.37,4000,0.123,60,0.1619,0,0
SYN-2024-0140,2024,2185.52,1088.31,322.82,15000,0.1614,60,0.4268,0,0
SYN-2024-0141,2024,5145.28,3203.49,1006.53,4000,0.1489,48,0.3246,0,0
SYN-2024-0142,2024,2301.32,1066.3,306.31,20000,0.13,24,0.4787,1,0
SYN-2024-0143,2024,2591.76,1274.03,110.77,10000,0.1118,60,0.3008,1,0
SYN-2024-0144,2024,3167.68,1419.1,138.14,6000,0.1363,24,0.3362,0,0
SYN-2024-0145,2024,3029.79,1708.11,656.75,4000,0.1204,36,0.275,0,0
SYN-2024-0146,2024,3076.71,1868.03,648.92,20000,0.1248,36,0.5778,0,0
SYN-2024-0147,2024,3703.12,1646.4,657.33,20000,0.1779,48,0.2419,0,0
SYN-2024-0148,2024,3624.24,1775.73,784.11,20000,0.1475,48,0.6173,1,0
SYN-2024-0149,2024,2050.19,1179.07,245.52,10000,0.1126,48,0.5599,0,0
SYN-2024-0150,2024,2284.9,1017.35,299.94,6000,0.1771,60,0.8114,1,0
SYN-2024-0151,2024,4542.77,2127.86,1089.38,10000,0.1609,36,0.3824,0,0
SYN-2024-0152,2024,1660.74,746.28,104.37,10000,0.087,24,0.5434,1,1
SYN-2024-0153,2024,3995.54,1858.65,274.75,15000,0.1164,36,0.2922,0,0
SYN-2024-0154,2024,1756.43,948.33,264.45,6000,0.129,48,0.6486,0,0
SYN-2024-0155,2024,1989.13,699.92,455.46,4000,0.1048,60,0.6632,0,0
SYN-2024-0156,2024,3233.25,1829.4,550.49,15000,0.1193,24,0.5114,0,0
SYN-2024-0157,2024,2620.61,1568.37,600.29,6000,0.1166,36,0.2519,0,0
SYN-2024-0158,2024,2117.71,1166.5,389.74,6000,0.1736,48,0.5104,1,0
SYN-2024-0159,2024,4086.46,1940.04,367.29,4000,0.1523,48,0.2306,0,0
SYN-2024-0160,2024,3226.17,2080.65,773.72,4000,0.1684,24,0.3787,0,0
SYN-2024-0161,2024,4653.15,2474.88,246.48,6000,0.0849,36,0.1088,0,0
SYN-2024-0162,2024,3680.41,2105.89,534.03,4000,0.1397,60,0.7495,0,0
SYN-2024-0163,2024,3776.94,2033.61,670.45,6000,0.1129,36,0.8868,0,0
SYN-2024-0164,2024,5072.67,2153.45,235.05,4000,0.1777,36,0.4069,0,0
SYN-2024-0165,2024,4292.8,1664.38,693.89,20000,0.1697,48,0.4637,0,0
SYN-2024-0166,2024,2441.84,1168.35,321.18,4000,0.1656,36,0.4173,0,0
SYN-2024-0167,2024,3142.07,1174.31,521.35,4000,0.1323,60,0.182,1,0
SYN-2024-0168,2024,3247.62,1617.77,780.69,4000,0.1293,60,0.359,0,0
SYN-2024-0169,2024,4541.31,2446.94,822.25,6000,0.1682,24,0.8538,0,0
SYN-2024-0170,2024,4896.91,3056.37,1172.82,4000,0.1179,48,0.7125,0,0
SYN-2024-0171,2024,4362.39,2680.48,791.85,15000,0.1388,48,0.3715,1,0
SYN-2024-0172,2024,4163.61,2658.75,397.92,4000,0.0893,36,0.7434,1,0
SYN-2024-0173,2024,1894.76,1001.04,271.7,10000,0.0896,60,0.8417,1,0
SYN-2024-0174,2024,2032.37,1023.76,328.03,6000,0.1314,24,0.6719,0,0
SYN-2024-0175,2024,4741.58,2389.09,623.72,4000,0.1576,60,0.7615,0,0
SYN-2024-0176,2024,2032.19,933.22,482.03,10000,0.0859,48,0.155,0,0
SYN-2024-0177,2024,3290.45,1794.16,491.48,15000,0.1158,60,0.9099,0,0
SYN-2024-0178,2024,5024.3,2517.91,688.57,10000,0.1018,36,0.4958,0,0
SYN-2024-0179,2024,3063.65,1455.36,382.04,6000,0.0924,48,0.6015,0,0
SYN-2024-0180,2024,3349.97,1943.07,448.4,4000,0.1093,24,0.5999,0,0
SYN-2024-0181,2024,4493.68,1681.73,728.71,20000,0.1456,60,0.2289,0,0
SYN-2024-0182,2024,2019.75,1003.38,260.92,15000,0.1239,36,0.267,0,0
SYN-2024-0183,2024,3993.79,2381.43,266.93,6000,0.1364,60,0.7996,0,0
SYN-2024-0184,2024,4162.16,1518.38,637.62,10000,0.1164,36,0.338,0,0
SYN-2024-0185,2024,4996.52,1989.79,987.38,10000,0.0865,24,0.3893,0,0
SYN-2024-0186,2024,3327.94,1814.61,329.01,4000,0.0938,48,0.1172,0,0
SYN-2024-0187,2024,2217.69,1222.09,391.42,6000,0.1284,60,0.6246,0,0
SYN-2024-0188,2024,4437.04,1657.9,379.91,6000,0.1305,24,0.3527,0,0
SYN-2024-0189,2024,2168.95,1324.56,341.04,20000,0.1714,36,0.3051,0,0
SYN-2024-0190,2024,4767.17,2950.61,822.68,10000,0.097,24,0.106,0,0
SYN-2024-0191,2024,4089.97,2543.15,427.1,20000,0.144,48,0.446,0,0
SYN-2024-0192,2024,3632.58,2326.26,294.71,20000,0.0932,48,0.6718,0,0
SYN-2024-0193,2024,5099.33,3002.59,230.53,10000,0.1213,24,0.7118,0,0
SYN-2024-0194,2024,3440.1,1254.82,617.78,6000,0.0896,48,0.8581,0,0
SYN-2024-0195,2024,2980.64,1163.0,703.38,15000,0.1509,36,0.6946,0,0
SYN-2024-0196,2024,2938.36,1542.26,131.87,4000,0.1511,60,0.5012,0,0
SYN-2024-0197,2024,3707.15,1798.29,840.39,15000,0.1601,48,0.6404,0,0
SYN-2024-0198,2024,5049.13,2551.68,1127.1,10000,0.1234,36,0.4075,0,0
SYN-2024-0199,2024,4869.47,2102.48,1127.13,10000,0.097,24,0.5091,0,0
SYN-2024-0200,2024,4729.06,2964.93,644.0,15000,0.1357,60,0.0872,0,0
SYN-2024-0201,2024,3226.54,1814.26,640.21,4000,0.1004,60,0.6538,0,0
SYN-2024-0202,2024,1726.2,1098.15,360.09,10000,0.1295,60,0.8734,0,0
SYN-2024-0203,2024,4737.7,2816.27,946.78,20000,0.0899,36,0.5438,0,0
SYN-2024-0204,2024,4437.87,1645.46,1034.05,4000,0.127,60,0.5743,1,0
SYN-2024-0205,2024,4533.13,1926.53,532.19,20000,0.1382,36,0.6609,0,0
SYN-2024-0206,2024,2250.59,1168.17,192.3,6000,0.1149,36,0.1825,0,0
SYN-2024-0207,2024,3626.14,2298.56,787.72,4000,0.1062,24,0.4926,0,0
SYN-2024-0208,2024,2926.68,1426.0,729.56,10000,0.1417,24,0.6698,0,1
SYN-2024-0209,2024,2548.93,895.56,412.83,15000,0.1662,24,0.3527,1,0
SYN-2024-0210,2024,2879.82,1725.47,315.31,4000,0.1217,24,0.7461,0,0
SYN-2024-0211,2024,2525.74,1025.09,546.37,10000,0.1636,36,0.4366,0,0
SYN-2024-0212,2024,3629.81,1678.84,365.6,20000,0.0833,60,0.7869,1,1
SYN-2024-0213,2024,5036.79,1994.86,215.91,6000,0.1545,60,0.853,0,0
SYN-2024-0214,2024,4770.67,2098.84,575.82,20000,0.1005,60,0.8164,0,0
SYN-2024-0215,2024,5154.59,2397.06,637.78,10000,0.0847,60,0.6538,0,0
SYN-2024-0216,2024,4375.43,2654.44,281.48,10000,0.0909,36,0.1645,0,0
SYN-2024-0217,2024,4589.15,2850.01,835.75,6000,0.116,24,0.4324,0,0
SYN-2024-0218,2024,3815.92,2008.55,383.63,10000,0.126,36,0.7991,0,0
SYN-2024-0219,2024,2961.34,1610.29,214.5,15000,0.0932,24,0.2428,0,0
SYN-2024-0220,2024,5025.49,1775.17,359.86,6000,0.1029,60,0.6166,0,0
SYN-2024-0221,2024,2652.31,1208.62,174.48,15000,0.0801,24,0.8556,0,0
SYN-2024-0222,2024,5107.93,2246.23,743.42,4000,0.1358,60,0.3839,0,0
SYN-2024-0223,2024,2813.26,1603.48,298.02,20000,0.09,24,0.267,0,0
SYN-2024-0224,2024,3022.13,1761.96,229.58,15000,0.1269,48,0.1932,0,0
SYN-2024-0225,2024,1716.77,834.4,203.19,15000,0.0822,24,0.245,0,0
SYN-2024-0226,2024,5044.6,1946.1,1193.47,20000,0.0841,60,0.3069,0,0
SYN-2024-0227,2024,2602.84,1190.47,602.87,10000,0.1279,36,0.6905,0,1
SYN-2024-0228,2024,4529.69,2851.62,490.81,10000,0.1496,48,0.4323,1,0
SYN-2024-0229,2024,4590.34,2790.39,1095.94,4000,0.0935,24,0.1574,0,1
SYN-2024-0230,2024,1936.88,830.23,406.16,20000,0.1769,60,0.7262,0,0
SYN-2024-0231,2024,3619.76,1724.61,680.21,10000,0.1368,60,0.5264,0,0
SYN-2024-0232,2024,2253.07,896.17,388.67,4000,0.1341,60,0.5588,0,0
SYN-2024-0233,2024,1802.03,830.49,320.54,4000,0.097,60,0.352,0,0
SYN-2024-0234,2024,3723.94,2342.49,436.61,20000,0.1651,36,0.4838,0,0
SYN-2024-0235,2024,1868.56,734.46,95.13,20000,0.0949,24,0.8271,0,1
SYN-2024-0236,2024,2659.7,1546.36,404.37,20000,0.1076,60,0.3797,0,0
SYN-2024-0237,2024,2354.75,1219.43,407.36,20000,0.1148,48,0.8568,1,1
SYN-2024-0238,2024,4915.88,2710.18,718.86,15000,0.1145,36,0.3957,0,0
SYN-2024-0239,2024,4117.12,2378.99,994.32,6000,0.0979,24,0.5779,0,0
SYN-2024-0240,2024,4706.72,1714.39,687.79,15000,0.0804,48,0.8753,0,0
SYN-2024-0241,2024,4174.3,1625.48,353.93,15000,0.1458,48,0.2736,0,0
SYN-2024-0242,2024,1641.95,694.14,394.38,4000,0.1259,36,0.7825,0,0
SYN-2024-0243,2024,3537.14,2102.26,335.39,15000,0.1099,60,0.8887,0,0
SYN-2024-0244,2024,2175.47,915.41,391.16,6000,0.1101,36,0.0921,0,0
SYN-2024-0245,2024,3545.09,1801.77,630.6,15000,0.1791,36,0.734,0,0
SYN-2024-0246,2024,3701.51,2067.6,660.11,4000,0.1007,60,0.8037,0,0
SYN-2024-0247,2024,2252.4,930.06,387.92,6000,0.1364,60,0.4398,0,0
SYN-2024-0248,2024,2751.79,1564.97,481.47,10000,0.1603,60,0.4356,0,0
SYN-2024-0249,2024,4606.37,2967.23,756.37,20000,0.1593,60,0.5599,0,0
SYN-2024-0250,2024,3519.97,1866.67,673.35,4000,0.1357,60,0.3009,0,0
SYN-2024-0251,2024,2500.68,1009.85,532.48,6000,0.1681,60,0.4208,0,0
SYN-2024-0252,2024,2493.14,1352.24,227.85,15000,0.1695,24,0.1956,0,0
SYN-2024-0253,2024,3976.54,1805.38,371.82,15000,0.1539,48,0.558,0,0
SYN-2024-0254,2024,4247.81,2473.63,882.3,20000,0.155,36,0.5645,0,0
SYN-2024-0255,2024,3886.22,2185.87,171.79,10000,0.1433,48,0.2998,0,0
SYN-2024-0256,2024,4755.7,2685.96,855.79,15000,0.1494,36,0.4294,1,0
SYN-2024-0257,2024,5132.65,3195.77,1218.31,4000,0.1002,48,0.4535,0,0
SYN-2024-0258,2024,3231.06,1627.94,233.8,4000,0.1599,60,0.3917,1,0
SYN-2024-0259,2024,2100.87,1048.04,406.72,6000,0.0915,24,0.3394,0,0
SYN-2024-0260,2024,1919.0,1007.85,184.3,15000,0.1754,36,0.5618,1,0
SYN-2024-0261,2024,4737.24,2986.26,243.53,20000,0.1678,24,0.5982,0,0
SYN-2024-0262,2024,3399.52,2002.21,801.71,6000,0.099,48,0.1752,1,0
SYN-2024-0263,2024,2992.53,1436.46,556.38,20000,0.1164,60,0.8416,0,0
SYN-2024-0264,2024,2544.56,1198.0,137.53,10000,0.1286,48,0.548,0,0
SYN-2024-0265,2024,1722.91,999.17,340.75,4000,0.1129,48,0.893,1,0
SYN-2024-0266,2024,1978.26,1182.64,161.23,6000,0.1335,24,0.1235,1,0
SYN-2024-0267,2024,2627.7,1527.24,265.33,4000,0.1439,48,0.2052,0,0
SYN-2024-0268,2024,3844.01,1971.75,691.62,4000,0.1745,36,0.5882,0,0
SYN-2024-0269,2024,3093.16,1294.73,758.59,6000,0.1641,24,0.6327,0,0
SYN-2024-0270,2024,2291.17,1279.84,375.12,20000,0.1155,60,0.648,0,0
SYN-2024-0271,2024,4528.38,2637.13,672.92,15000,0.1282,24,0.1865,0,0
SYN-2024-0272,2024,1975.33,1097.74,381.63,20000,0.1316,36,0.5546,0,1
SYN-2024-0273,2024,4359.15,1634.59,476.97,10000,0.1706,60,0.4201,0,0
SYN-2024-0274,2024,4410.39,2028.76,893.18,10000,0.111,36,0.3035,0,0
SYN-2024-0275,2024,5017.06,1885.02,454.73,4000,0.0855,36,0.4766,0,0
SYN-2024-0276,2024,4080.58,2463.43,732.66,15000,0.0838,36,0.2705,0,0
SYN-2024-0277,2024,3368.33,1487.43,624.79,15000,0.0916,36,0.6438,0,0
SYN-2024-0278,2024,4546.08,2808.44,883.42,6000,0.1304,60,0.5019,0,0
SYN-2024-0279,2024,1925.3,745.38,293.61,15000,0.1462,36,0.4091,0,0
SYN-2024-0280,2024,2475.07,1428.98,323.19,20000,0.1233,60,0.5618,0,0
SYN-2024-0281,2024,4301.28,2150.13,678.58,15000,0.1107,24,0.2002,0,0
SYN-2024-0282,2024,3297.28,1845.72,135.71,10000,0.1248,48,0.2119,0,0
SYN-2024-0283,2024,2797.45,1423.16,416.17,20000,0.1597,60,0.6589,0,0
SYN-2024-0284,2024,2362.34,1285.84,240.5,10000,0.1102,60,0.6138,1,0
SYN-2024-0285,2024,2669.34,1491.26,530.94,10000,0.1105,36,0.5119,1,0
SYN-2024-0286,2024,5011.43,2037.46,384.51,10000,0.1542,60,0.5054,0,0
SYN-2024-0287,2024,2842.71,1414.31,558.71,15000,0.1616,48,0.293,1,0
SYN-2024-0288,2024,4844.75,3004.54,329.94,4000,0.1493,24,0.9613,0,0
SYN-2024-0289,2024,3373.92,1513.26,628.34,6000,0.0941,60,0.6577,0,0
SYN-2024-0290,2024,1641.01,684.42,306.29,6000,0.1591,60,0.5481,0,0
SYN-2024-0291,2024,4138.93,2397.26,534.99,4000,0.1082,24,0.3948,0,0
SYN-2024-0292,2024,4507.1,1954.74,988.22,20000,0.1719,60,0.6005,0,0
SYN-2024-0293,2024,4668.7,2063.0,642.38,15000,0.1133,36,0.9306,0,1
SYN-2024-0294,2024,3182.85,1841.39,249.11,20000,0.1515,24,0.5708,0,0
SYN-2024-0295,2024,3175.73,1983.92,590.34,10000,0.1005,48,0.7602,0,0
SYN-2024-0296,2024,2052.38,810.01,435.02,4000,0.154,36,0.7476,0,0
SYN-2024-0297,2024,2912.65,1434.21,594.93,10000,0.1339,48,0.4907,0,0
SYN-2024-0298,2024,2806.2,1428.84,368.61,15000,0.1724,24,0.3167,0,0
SYN-2024-0299,2024,3257.47,1544.72,562.65,6000,0.1417,48,0.7144,0,0
SYN-2024-0300,2024,5177.78,3006.21,362.01,4000,0.1795,36,0.7102,0,0
SYN-2024-0301,2024,3829.34,2472.35,422.54,20000,0.1736,48,0.6465,0,0
SYN-2024-0302,2024,3150.83,1430.3,578.37,6000,0.0874,60,0.7122,0,0
SYN-2024-0303,2024,2155.56,1218.82,277.76,20000,0.1667,60,0.6656,0,0
SYN-2024-0304,2024,2929.63,1880.34,341.75,6000,0.0889,60,0.6174,0,0
SYN-2024-0305,2024,2703.89,1549.31,285.44,6000,0.1614,24,0.3349,0,0
SYN-2024-0306,2024,3113.0,1852.37,684.53,4000,0.0854,60,0.602,0,0
SYN-2024-0307,2024,4832.88,2960.46,513.11,15000,0.1122,36,0.3407,0,0
SYN-2024-0308,2024,2131.12,1152.08,512.24,4000,0.1286,60,0.8682,0,0
SYN-2024-0309,2024,4767.9,2784.75,819.47,10000,0.0872,36,0.5857,0,0
SYN-2024-0310,2024,4030.09,1511.53,708.85,6000,0.1565,36,0.4725,0,0
SYN-2024-0311,2024,3567.9,1976.83,725.19,6000,0.16,48,0.3718,1,0
SYN-2024-0312,2024,3025.91,1270.91,302.37,6000,0.1736,24,0.645,0,0
SYN-2024-0313,2024,2427.88,1191.81,604.78,20000,0.0931,48,0.9134,0,0
SYN-2024-0314,2024,3921.5,1415.78,233.16,15000,0.1028,60,0.7984,0,1
SYN-2024-0315,2024,4830.14,3103.64,820.68,20000,0.1599,60,0.3316,0,0
SYN-2024-0316,2024,2739.27,1292.68,287.52,6000,0.0912,36,0.8648,0,0
SYN-2024-0317,2024,2018.67,724.52,239.34,10000,0.0898,36,0.8568,0,0
SYN-2024-0318,2024,2201.61,958.33,181.62,6000,0.1773,48,0.8857,0,1
SYN-2024-0319,2024,2688.11,1587.53,249.91,10000,0.1197,60,0.7052,0,0
SYN-2024-0320,2024,3918.39,1555.06,528.17,6000,0.1282,60,0.8465,1,1
SYN-2024-0321,2024,5151.63,2795.71,369.17,10000,0.0965,36,0.459,0,0
SYN-2024-0322,2024,4961.78,2255.82,465.74,4000,0.1544,48,0.5739,0,0
SYN-2024-0323,2024,4187.59,1648.27,554.28,4000,0.1121,60,0.6658,0,0
SYN-2024-0324,2024,4380.2,1537.34,1075.93,20000,0.1362,60,0.7906,0,0
SYN-2024-0325,2024,3432.19,1912.62,209.62,4000,0.1639,48,0.4745,0,1
SYN-2024-0326,2024,1994.81,761.92,210.25,20000,0.0829,60,0.3831,0,0
SYN-2024-0327,2024,3479.35,2011.22,865.67,15000,0.1247,60,0.4687,0,0
SYN-2024-0328,2024,2239.69,1211.66,142.8,6000,0.1222,24,0.5461,0,0
SYN-2024-0329,2024,4764.53,2165.92,1061.34,15000,0.0824,48,0.4467,0,0
SYN-2024-0330,2024,1841.22,923.24,350.03,6000,0.1195,36,0.5139,0,0
SYN-2024-0331,2024,2405.78,1082.21,169.16,10000,0.1063,60,0.5972,0,1
SYN-2024-0332,2024,3975.83,2480.87,428.6,20000,0.1402,60,0.6818,0,0
SYN-2024-0333,2024,2877.65,1542.08,353.66,4000,0.1475,24,0.3971,0,0
SYN-2024-0334,2024,3166.01,1642.31,271.49,6000,0.0852,60,0.6313,0,0
SYN-2024-0335,2024,2071.89,969.32,191.51,6000,0.0861,48,0.1459,0,0
SYN-2024-0336,2024,2394.56,862.4,223.76,15000,0.1376,60,0.3711,0,0
SYN-2024-0337,2024,3694.16,2036.11,529.28,10000,0.1277,24,0.1177,0,0
SYN-2024-0338,2024,3822.73,2421.81,380.5,4000,0.1457,48,0.5985,0,0
SYN-2024-0339,2024,4307.02,2730.51,965.65,6000,0.0886,36,0.2855,0,0
SYN-2024-0340,2024,2499.15,1302.5,139.56,4000,0.1274,48,0.6172,1,0
SYN-2024-0341,2024,2120.67,1140.08,399.05,10000,0.1753,36,0.8747,0,0
SYN-2024-0342,2024,1617.71,646.51,235.22,10000,0.153,48,0.5811,0,0
SYN-2024-0343,2024,3687.42,1825.29,395.42,20000,0.1475,60,0.2425,0,0
SYN-2024-0344,2024,4633.66,1858.03,461.49,6000,0.1173,48,0.4423,0,0
SYN-2024-0345,2024,4696.03,1741.06,592.12,10000,0.1263,24,0.7224,0,0
SYN-2024-0346,2024,1696.28,884.49,399.6,20000,0.118,24,0.6293,0,0
SYN-2024-0347,2024,2258.67,915.68,96.06,20000,0.1362,60,0.6905,0,0
SYN-2024-0348,2024,4434.19,2769.49,240.35,15000,0.1604,36,0.531,0,1
SYN-2024-0349,2024,1818.54,982.07,409.61,15000,0.1684,60,0.843,0,0
SYN-2024-0350,2024,1736.74,1044.64,378.13,4000,0.1029,60,0.1586,0,0
SYN-2024-0351,2024,1883.5,1006.35,87.55,10000,0.0934,60,0.6417,0,0
SYN-2024-0352,2024,4815.54,2859.41,292.79,20000,0.1379,48,0.6999,0,0
SYN-2024-0353,2024,2839.92,1120.68,300.62,4000,0.1576,36,0.6305,0,0
SYN-2024-0354,2024,1732.21,765.49,222.5,4000,0.1182,60,0.204,1,0
SYN-2024-0355,2024,2898.46,1590.09,351.21,10000,0.1582,60,0.2021,0,0
SYN-2024-0356,2024,3670.32,2194.85,625.14,20000,0.1539,36,0.6833,1,0
SYN-2024-0357,2024,3739.67,2366.83,513.64,6000,0.1479,48,0.3783,0,0
SYN-2024-0358,2024,4649.57,2072.56,848.07,20000,0.1372,60,0.3495,0,0
SYN-2024-0359,2024,4808.08,2289.41,525.15,4000,0.1344,24,0.3363,0,0
SYN-2024-0360,2024,3572.25,1402.01,797.4,6000,0.176,60,0.5901,0,0
SYN-2024-0361,2024,4445.62,1775.28,778.24,20000,0.1541,48,0.59,0,0
SYN-2024-0362,2024,3453.2,1542.43,534.09,6000,0.1347,36,0.5614,0,0
SYN-2024-0363,2024,4280.01,2716.64,674.73,10000,0.0992,48,0.902,0,0
SYN-2024-0364,2024,4448.05,2295.67,1087.37,20000,0.1457,24,0.7986,0,0
SYN-2024-0365,2024,1703.68,626.62,347.73,20000,0.1137,60,0.8683,0,0
SYN-2024-0366,2024,4098.03,1797.74,437.76,20000,0.14,24,0.6762,0,0
SYN-2024-0367,2024,2816.15,1445.61,682.97,15000,0.1107,24,0.1865,0,0
SYN-2024-0368,2024,4587.58,2888.13,1046.55,10000,0.1614,24,0.2559,1,0
SYN-2024-0369,2024,4362.46,1543.27,1074.84,6000,0.1133,60,0.5482,0,0
SYN-2024-0370,2024,4796.33,2527.78,1106.38,10000,0.1595,36,0.8764,0,0
SYN-2024-0371,2024,4650.35,2264.9,1095.42,20000,0.1151,48,0.1992,0,0
SYN-2024-0372,2024,1761.45,1029.92,123.77,15000,0.0996,48,0.4502,0,0
SYN-2024-0373,2024,2045.47,1126.59,406.27,10000,0.1671,36,0.5394,0,0
SYN-2024-0374,2024,5185.91,2773.41,569.6,6000,0.1257,60,0.4782,0,0
SYN-2024-0375,2024,1721.64,606.46,339.65,20000,0.1586,36,0.4858,0,0
SYN-2024-0376,2024,2412.28,1181.87,100.55,10000,0.1428,48,0.5518,0,0
SYN-2024-0377,2024,2498.77,927.48,481.35,4000,0.1696,48,0.6063,0,0
SYN-2024-0378,2024,2163.67,940.4,189.42,4000,0.1312,48,0.5548,0,0
SYN-2024-0379,2024,4693.28,2018.61,1059.71,20000,0.18,36,0.4592,0,0
SYN-2024-0380,2024,2655.5,1380.06,143.02,15000,0.1618,60,0.3256,0,0
SYN-2024-0381,2024,2039.09,823.67,457.2,20000,0.0976,60,0.2732,0,0
SYN-2024-0382,2024,1980.58,867.86,164.88,6000,0.1089,24,0.4411,0,0
SYN-2024-0383,2024,2846.63,1470.9,270.75,4000,0.119,60,0.6211,0,0
SYN-2024-0384,2024,3548.63,1443.87,694.55,10000,0.0905,24,0.9011,0,0
SYN-2024-0385,2024,3702.0,2364.36,202.57,4000,0.0863,24,0.4488,1,1
SYN-2024-0386,2024,4995.94,2810.47,725.94,15000,0.1599,60,0.4065,0,0
SYN-2024-0387,2024,5048.34,2618.45,1260.36,10000,0.1475,48,0.6679,0,0
SYN-2024-0388,2024,2626.27,1378.76,302.92,4000,0.1043,36,0.5903,0,0
SYN-2024-0389,2024,5084.57,1929.43,1041.15,20000,0.0873,36,0.7912,0,1
SYN-2024-0390,2024,3896.8,2069.08,342.5,20000,0.141,24,0.5877,0,0
SYN-2024-0391,2024,4840.98,3145.1,672.7,20000,0.0879,60,0.5284,0,0
SYN-2024-0392,2024,4426.89,2486.59,336.33,10000,0.1612,24,0.563,0,0
SYN-2024-0393,2024,3450.78,1456.36,154.7,20000,0.1054,36,0.3685,0,0
SYN-2024-0394,2024,2706.2,1603.12,286.64,10000,0.1079,60,0.2686,0,0
SYN-2024-0395,2024,1910.44,1110.67,282.71,4000,0.1372,36,0.3546,0,0
SYN-2024-0396,2024,4049.31,2456.03,381.99,10000,0.1229,36,0.6795,0,0
SYN-2024-0397,2024,3525.53,1514.54,456.55,4000,0.152,48,0.4963,0,0
SYN-2024-0398,2024,2489.51,1385.1,584.3,20000,0.1375,36,0.5298,0,0
SYN-2024-0399,2024,5083.07,2563.79,902.98,4000,0.1508,24,0.5842,0,0
SYN-2024-0400,2024,2313.74,961.88,380.13,15000,0.0915,48,0.2767,0,0
SYN-2024-0401,2024,2501.9,1238.09,197.72,20000,0.1075,48,0.6221,0,0
SYN-2024-0402,2024,2704.84,1572.28,217.33,20000,0.1755,60,0.2274,1,0
SYN-2024-0403,2024,1732.82,1082.5,221.6,10000,0.126,24,0.4085,0,0
SYN-2024-0404,2024,2538.02,930.82,507.01,15000,0.1784,60,0.8158,0,0
SYN-2024-0405,2024,3782.68,1780.3,591.89,15000,0.1065,36,0.832,0,0
SYN-2024-0406,2024,3330.82,1401.8,786.76,4000,0.1022,60,0.1314,0,0
SYN-2024-0407,2024,1703.17,1048.32,362.89,6000,0.119,48,0.705,0,0
SYN-2024-0408,2024,2442.33,1252.95,424.84,10000,0.1667,60,0.7847,0,0
SYN-2024-0409,2024,3970.02,2111.71,269.23,20000,0.1421,36,0.2204,0,0
SYN-2024-0410,2024,2047.2,1039.99,389.2,20000,0.1185,24,0.7359,0,0
SYN-2024-0411,2024,2400.19,1228.54,236.91,10000,0.085,60,0.9573,0,0
SYN-2024-0412,2024,3435.8,1626.14,637.66,20000,0.1698,60,0.9317,0,0
SYN-2024-0413,2024,2452.09,1551.9,482.31,6000,0.1711,48,0.1359,0,0
SYN-2024-0414,2024,3956.1,2124.8,241.52,10000,0.0865,48,0.1893,0,0
SYN-2024-0415,2024,3466.59,2001.12,482.31,4000,0.117,24,0.3028,0,0
SYN-2024-0416,2024,3366.48,2044.19,595.77,20000,0.1753,48,0.7639,0,0
SYN-2024-0417,2024,4722.85,2667.73,639.58,10000,0.1592,60,0.5262,0,0
SYN-2024-0418,2024,4933.61,2825.5,336.32,15000,0.1642,60,0.3569,0,0
SYN-2024-0419,2024,1693.18,699.81,166.03,15000,0.1056,36,0.2461,0,0
SYN-2024-0420,2024,2655.18,1592.89,108.39,15000,0.1148,60,0.4433,0,0
SYN-2024-0421,2024,2549.39,1477.35,561.81,20000,0.1378,48,0.6358,0,0
SYN-2024-0422,2024,2387.54,924.92,144.48,20000,0.1722,60,0.3724,0,0
SYN-2024-0423,2024,2328.09,1454.94,377.24,20000,0.1481,48,0.401,0,0
SYN-2024-0424,2024,5182.75,2378.3,433.91,20000,0.1439,24,0.8271,0,0
SYN-2024-0425,2024,2827.33,1136.94,439.16,4000,0.1392,48,0.2937,0,0
SYN-2024-0426,2024,4363.57,1934.53,602.83,6000,0.1639,48,0.1789,0,0
SYN-2024-0427,2024,3368.52,1772.87,200.0,15000,0.1258,24,0.5722,0,0
SYN-2024-0428,2024,2372.94,1026.27,320.1,10000,0.0912,48,0.4565,0,0
SYN-2024-0429,2024,3912.31,1644.8,336.62,15000,0.1094,24,0.5791,1,0
SYN-2024-0430,2024,1786.0,658.23,287.72,4000,0.173,48,0.7489,0,0
SYN-2024-0431,2024,3387.69,1829.51,688.39,4000,0.0909,24,0.6994,0,0
SYN-2024-0432,2024,3239.28,1690.9,142.32,6000,0.145,60,0.5905,0,0
SYN-2024-0433,2024,5120.02,3305.78,555.03,15000,0.1291,48,0.5466,0,1
SYN-2024-0434,2024,1960.88,1218.69,173.76,15000,0.1213,36,0.6422,0,0
SYN-2024-0435,2024,4636.26,2962.53,698.43,20000,0.1083,48,0.1907,0,0
SYN-2024-0436,2024,2210.63,983.82,320.77,20000,0.1308,48,0.6899,0,0
SYN-2024-0437,2024,4449.0,2661.86,430.4,15000,0.0887,36,0.9516,0,0
SYN-2024-0438,2024,4822.12,2078.47,1169.86,10000,0.1585,48,0.507,0,1
SYN-2024-0439,2024,1770.38,665.95,307.58,6000,0.1658,36,0.6446,0,0
SYN-2024-0440,2024,4947.92,2798.36,1067.46,20000,0.179,60,0.0329,0,0
SYN-2024-0441,2024,4224.21,1919.67,529.54,15000,0.122,36,0.8281,0,0
SYN-2024-0442,2024,3379.68,1244.81,506.3,10000,0.1483,48,0.5836,0,0
SYN-2024-0443,2024,3950.12,2045.04,447.49,6000,0.1034,48,0.5866,0,1
SYN-2024-0444,2024,1736.57,822.85,401.53,20000,0.1343,24,0.4426,0,0
SYN-2024-0445,2024,3044.32,1277.95,474.55,6000,0.1723,60,0.0987,0,0
SYN-2024-0446,2024,4701.54,3010.16,791.81,6000,0.17,36,0.3821,0,0
SYN-2024-0447,2024,4963.97,1770.46,1094.23,20000,0.1051,60,0.5929,0,0
SYN-2024-0448,2024,4394.87,1736.31,903.04,10000,0.1015,36,0.7644,0,0
SYN-2024-0449,2024,3937.4,1664.14,370.94,6000,0.1363,60,0.531,0,0
SYN-2024-0450,2024,3000.94,1491.86,693.25,20000,0.1621,60,0.3518,0,0
SYN-2024-0451,2024,2176.13,807.2,102.29,15000,0.1263,48,0.4698,0,0
SYN-2024-0452,2024,3610.31,1611.03,387.69,20000,0.1235,60,0.1589,0,0
SYN-2024-0453,2024,3082.38,1597.15,280.55,15000,0.172,48,0.6311,0,0
SYN-2024-0454,2024,4271.22,2400.43,510.43,6000,0.1225,36,0.6488,0,0
SYN-2024-0455,2024,3516.02,1314.21,502.1,20000,0.1586,36,0.6409,0,0
SYN-2024-0456,2024,2080.67,1297.16,144.51,15000,0.112,60,0.5613,1,1
SYN-2024-0457,2024,1852.03,1166.08,393.16,6000,0.0936,36,0.4135,0,0
SYN-2024-0458,2024,5031.93,3218.91,423.26,4000,0.089,60,0.495,0,0
SYN-2024-0459,2024,3900.68,2104.2,260.79,15000,0.1223,24,0.0466,1,0
SYN-2024-0460,2024,3403.58,1208.18,733.03,15000,0.1313,24,0.4424,0,0
SYN-2024-0461,2024,2806.75,1252.79,194.01,20000,0.1678,36,0.7721,0,0
SYN-2024-0462,2024,3519.11,2155.58,598.32,20000,0.1721,36,0.7107,0,0
SYN-2024-0463,2024,4299.25,2628.75,348.19,15000,0.1013,48,0.6841,0,0
SYN-2024-0464,2024,4113.59,1764.59,530.1,20000,0.1299,60,0.66,0,0
SYN-2024-0465,2024,2968.09,1445.84,323.74,4000,0.0933,24,0.2051,0,0
SYN-2024-0466,2024,2444.91,870.0,380.4,20000,0.1273,60,0.4141,0,0
SYN-2024-0467,2024,4013.61,1832.55,557.23,4000,0.1202,60,0.5785,0,0
SYN-2024-0468,2024,3373.63,1995.11,170.85,4000,0.1656,36,0.4562,0,0
SYN-2024-0469,2024,3570.18,1678.6,611.98,6000,0.1463,36,0.8462,0,0
SYN-2024-0470,2024,5111.12,2273.69,300.49,10000,0.1029,60,0.1167,0,0
SYN-2024-0471,2024,2642.15,943.44,370.56,6000,0.0923,60,0.2852,0,1
SYN-2024-0472,2024,2394.88,1271.95,101.32,20000,0.082,60,0.485,0,0
SYN-2024-0473,2024,3303.09,1720.13,799.23,10000,0.1518,36,0.4226,0,0
SYN-2024-0474,2024,4420.46,1729.93,1084.15,15000,0.1094,60,0.5235,1,0
SYN-2024-0475,2024,4130.82,2264.51,187.41,10000,0.141,36,0.466,0,0
SYN-2024-0476,2024,3254.53,1838.59,350.79,6000,0.1117,60,0.7729,1,1
SYN-2024-0477,2024,3267.61,1347.32,487.13,6000,0.0849,36,0.1559,0,0
SYN-2024-0478,2024,2083.64,1045.05,370.02,10000,0.1172,60,0.4532,0,0
SYN-2024-0479,2024,1653.99,627.02,214.31,4000,0.1567,24,0.2641,0,0
SYN-2024-0480,2024,4397.69,2583.6,926.23,10000,0.1029,36,0.1874,0,0
SYN-2024-0481,2024,3978.09,1677.44,870.24,10000,0.1274,60,0.7177,0,0
SYN-2024-0482,2024,3131.51,1241.02,281.57,10000,0.0902,36,0.4551,0,0
SYN-2024-0483,2024,2216.82,905.73,524.69,20000,0.1211,60,0.8708,0,0
SYN-2024-0484,2024,1782.15,764.63,386.55,4000,0.1322,24,0.2683,0,0
SYN-2024-0485,2024,2685.97,983.8,624.97,20000,0.1659,24,0.8448,0,0
SYN-2024-0486,2024,2901.38,1535.29,367.62,10000,0.1432,24,0.8113,0,0
SYN-2024-0487,2024,3110.77,1090.67,521.18,20000,0.0902,24,0.691,0,0
SYN-2024-0488,2024,2190.08,1219.25,510.73,6000,0.1294,48,0.5097,0,0
SYN-2024-0489,2024,5073.35,2162.84,425.64,6000,0.091,48,0.5832,0,0
SYN-2024-0490,2024,3799.73,1781.4,506.97,20000,0.0951,60,0.4583,0,0
SYN-2024-0491,2024,2803.28,1303.14,350.28,15000,0.0978,48,0.6952,0,0
SYN-2024-0492,2024,4544.21,2541.32,238.59,10000,0.0854,36,0.5595,0,0
SYN-2024-0493,2024,1631.3,595.18,198.84,4000,0.1382,60,0.1212,0,0
SYN-2024-0494,2024,2195.87,1021.87,507.06,20000,0.1489,36,0.5621,0,0
SYN-2024-0495,2024,4838.56,1917.73,1168.13,10000,0.0982,36,0.5186,1,0
SYN-2024-0496,2024,4454.07,1821.1,949.9,10000,0.1415,24,0.2716,1,0
SYN-2024-0497,2024,1697.31,810.26,186.13,4000,0.1425,60,0.5169,0,0
SYN-2024-0498,2024,4532.75,2178.1,938.14,20000,0.1183,24,0.3122,0,0
SYN-2024-0499,2024,4615.9,2471.8,323.5,15000,0.0829,24,0.6467,0,0
SYN-2024-0500,2024,1656.87,930.03,337.93,10000,0.1367,36,0.1958,0,0
SYN-2024-0501,2024,3105.51,1919.42,770.76,10000,0.1157,24,0.4241,0,0
SYN-2024-0502,2024,2898.76,1792.28,440.56,6000,0.0959,24,0.1498,0,0
SYN-2024-0503,2024,1813.96,701.28,131.39,10000,0.1226,36,0.5754,0,0
SYN-2024-0504,2024,4098.37,1544.33,593.34,15000,0.1004,24,0.9469,1,0
SYN-2024-0505,2024,4256.39,2675.81,954.88,10000,0.1774,48,0.3054,0,0
SYN-2024-0506,2024,2239.33,815.52,397.41,6000,0.1652,60,0.319,0,0
SYN-2024-0507,2024,4945.83,1979.27,591.48,6000,0.1253,36,0.1515,0,0
SYN-2024-0508,2024,5149.73,2452.72,848.14,10000,0.1395,48,0.2184,0,0
SYN-2024-0509,2024,3838.51,2395.21,601.12,20000,0.0914,60,0.7863,1,0
SYN-2024-0510,2024,3597.7,1287.57,382.84,6000,0.1269,48,0.1142,0,0
SYN-2024-0511,2024,2735.13,1749.09,315.45,20000,0.1057,48,0.7766,0,0
SYN-2024-0512,2024,4853.89,2003.69,223.83,6000,0.1441,48,0.5822,0,0
SYN-2024-0513,2024,4898.0,1726.43,1097.66,20000,0.1775,24,0.5526,0,0
SYN-2024-0514,2024,3515.68,1942.95,465.1,20000,0.1444,24,0.321,0,0
SYN-2024-0515,2024,4571.97,2344.27,1102.77,20000,0.1094,60,0.1528,0,0
SYN-2024-0516,2024,3707.51,1553.76,853.84,10000,0.1543,60,0.6769,0,0
SYN-2024-0517,2024,1992.75,932.02,462.58,6000,0.1785,24,0.4365,0,0
SYN-2024-0518,2024,3040.91,1968.58,368.22,4000,0.1163,60,0.6008,0,0
SYN-2024-0519,2024,4179.09,2263.29,358.34,4000,0.1275,60,0.6285,1,0
SYN-2024-0520,2024,1762.46,1038.27,245.39,6000,0.1567,24,0.6671,0,1
SYN-2024-0521,2024,2119.01,1055.87,382.13,20000,0.1601,36,0.2801,0,0
SYN-2024-0522,2024,3741.89,2326.99,923.59,10000,0.172,60,0.2014,0,0
SYN-2024-0523,2024,1623.02,666.17,332.36,6000,0.1537,24,0.934,0,0
SYN-2024-0524,2024,3836.1,2412.99,609.45,15000,0.112,36,0.3849,0,0
SYN-2024-0525,2024,4614.8,2450.68,1057.33,15000,0.1512,48,0.5206,0,0
SYN-2024-0526,2024,1952.94,1099.32,464.15,4000,0.1102,24,0.4133,0,0
SYN-2024-0527,2024,2726.57,1751.77,303.74,6000,0.1195,60,0.3401,0,0
SYN-2024-0528,2024,4678.17,2319.13,232.93,10000,0.1765,48,0.3329,0,0
SYN-2024-0529,2024,2378.91,865.87,105.03,15000,0.1606,48,0.893,0,0
SYN-2024-0530,2024,2376.68,1020.8,566.92,15000,0.1163,24,0.3225,0,1
SYN-2024-0531,2024,2254.91,838.55,408.39,10000,0.1067,24,0.5042,1,0
SYN-2024-0532,2024,2477.06,1154.4,384.69,10000,0.0908,24,0.6831,1,0
SYN-2024-0533,2024,4423.95,2505.58,574.26,10000,0.0965,24,0.7233,0,0
SYN-2024-0534,2024,1863.26,718.1,230.64,6000,0.1112,24,0.9049,1,0
SYN-2024-0535,2024,3654.86,1752.81,458.97,4000,0.1249,48,0.2364,0,0
SYN-2024-0536,2024,1686.17,973.37,365.83,4000,0.1575,60,0.7058,0,0
SYN-2024-0537,2024,3297.79,1464.01,328.27,6000,0.1163,48,0.77,0,0
SYN-2024-0538,2024,3169.59,1902.5,531.12,6000,0.137,48,0.3819,0,0
SYN-2024-0539,2024,3322.79,1584.99,783.55,4000,0.1484,48,0.4736,0,0
SYN-2024-0540,2024,2387.65,1189.79,541.45,10000,0.1732,36,0.3391,0,0
SYN-2024-0541,2024,5016.06,2048.1,358.17,10000,0.1156,48,0.1717,0,0
SYN-2024-0542,2024,3452.73,1798.36,619.24,20000,0.1497,24,0.7264,0,0
SYN-2024-0543,2024,5038.86,2469.75,464.48,6000,0.1576,60,0.6789,0,0
SYN-2024-0544,2024,4643.51,1737.73,1076.28,6000,0.1652,48,0.9059,0,1
SYN-2024-0545,2024,4955.04,3129.36,524.07,15000,0.166,60,0.5643,0,0
SYN-2024-0546,2024,2373.13,1144.25,253.41,4000,0.1108,60,0.6559,0,0
SYN-2024-0547,2024,2292.71,1286.9,434.84,15000,0.1372,60,0.3034,0,0
SYN-2024-0548,2024,3923.38,2312.13,191.64,4000,0.131,60,0.3932,0,0
SYN-2024-0549,2024,3609.23,1656.89,238.65,4000,0.162,60,0.2793,1,0
SYN-2024-0550,2024,4302.01,2264.67,566.85,20000,0.0958,24,0.7701,0,0
SYN-2024-0551,2024,4839.41,2390.92,418.71,20000,0.1525,60,0.6074,0,0
SYN-2024-0552,2024,4083.41,1510.57,789.62,4000,0.0926,60,0.2426,0,0
SYN-2024-0553,2024,3544.26,2280.3,503.73,4000,0.1273,24,0.4408,0,0
SYN-2024-0554,2024,4441.34,1790.71,271.23,6000,0.1306,24,0.6973,0,1
SYN-2024-0555,2024,4400.14,1836.21,540.58,20000,0.0939,24,0.8315,1,0
SYN-2024-0556,2024,3722.78,1925.03,225.84,10000,0.1613,24,0.4568,0,0
SYN-2024-0557,2024,4731.58,2628.29,911.19,6000,0.1021,48,0.8337,0,0
SYN-2024-0558,2024,3686.71,2045.89,708.23,4000,0.0952,36,0.3233,0,0
SYN-2024-0559,2024,3822.3,2170.34,654.58,15000,0.1573,60,0.1333,1,0
SYN-2024-0560,2024,5059.12,2017.65,760.19,4000,0.1331,48,0.0928,0,0
SYN-2024-0561,2024,3482.31,2184.35,789.22,15000,0.1235,24,0.2495,0,0
SYN-2024-0562,2024,2571.25,1014.39,253.11,4000,0.1644,60,0.3405,0,0
SYN-2024-0563,2024,3395.9,1395.87,823.52,20000,0.0903,48,0.6673,0,0
SYN-2024-0564,2024,5042.55,1911.17,410.23,4000,0.1147,60,0.6423,0,0
SYN-2024-0565,2024,4655.08,2654.87,191.52,4000,0.1129,36,0.6839,0,0
SYN-2024-0566,2024,2822.3,1535.46,137.88,15000,0.1715,24,0.5495,0,0
SYN-2024-0567,2024,2148.72,853.66,337.32,4000,0.1406,48,0.7832,0,0
SYN-2024-0568,2024,4826.49,2535.8,958.0,6000,0.0878,24,0.3396,1,0
SYN-2024-0569,2024,3746.18,1481.33,626.96,6000,0.0818,60,0.5683,0,0
SYN-2024-0570,2024,1633.04,602.24,139.91,6000,0.1613,36,0.6939,0,0
SYN-2024-0571,2024,1734.29,744.71,327.22,15000,0.1279,36,0.4425,0,0
SYN-2024-0572,2024,4652.26,1961.62,1162.24,10000,0.1663,36,0.4056,0,0
SYN-2024-0573,2024,5094.88,2703.1,1065.82,10000,0.1728,60,0.4283,0,0
SYN-2024-0574,2024,2482.85,1449.65,308.79,20000,0.1143,48,0.1286,0,0
SYN-2024-0575,2024,3461.93,1334.81,441.08,20000,0.1422,36,0.3418,0,0
SYN-2024-0576,2024,1724.3,910.33,115.0,20000,0.1228,24,0.1933,1,0
SYN-2024-0577,2024,5093.01,2480.49,413.74,4000,0.1273,36,0.1941,0,0
SYN-2024-0578,2024,4966.32,3129.39,257.99,6000,0.1424,48,0.8113,0,0
SYN-2024-0579,2024,3024.24,1215.66,731.01,15000,0.1636,48,0.1935,0,0
SYN-2024-0580,2024,3739.21,1320.63,175.49,10000,0.135,60,0.2933,0,0
SYN-2024-0581,2024,3179.45,1615.53,405.71,10000,0.1074,36,0.6612,0,0
SYN-2024-0582,2024,5003.12,2863.12,852.96,15000,0.1537,48,0.6932,0,0
SYN-2024-0583,2024,2021.44,1223.77,339.77,10000,0.1085,24,0.7341,0,0
SYN-2024-0584,2024,4975.66,2461.61,649.45,15000,0.092,48,0.1282,0,0
SYN-2024-0585,2024,2225.33,1290.95,381.95,6000,0.1684,24,0.5656,1,0
SYN-2024-0586,2024,2522.12,1430.49,140.95,6000,0.1125,24,0.3311,0,0
SYN-2024-0587,2024,4344.74,2571.79,681.46,6000,0.1595,60,0.0835,0,0
SYN-2024-0588,2024,2255.27,992.22,193.52,15000,0.1663,60,0.6402,0,0
SYN-2024-0589,2024,4723.5,2376.11,750.95,20000,0.1293,48,0.6225,0,0
SYN-2024-0590,2024,2194.92,887.67,444.17,4000,0.1013,24,0.2474,0,0
SYN-2024-0591,2024,3703.32,1317.4,621.24,6000,0.0879,24,0.3205,0,0
SYN-2024-0592,2024,3715.28,1958.35,851.74,15000,0.1708,36,0.3197,0,0
SYN-2024-0593,2024,3021.21,1879.34,435.94,20000,0.1268,48,0.6209,0,0
SYN-2024-0594,2024,3149.99,1574.2,211.94,6000,0.135,48,0.5475,0,0
SYN-2024-0595,2024,1795.49,773.55,169.5,15000,0.1525,48,0.721,0,0
SYN-2024-0596,2024,2031.98,732.52,107.7,4000,0.1445,60,0.5185,0,0
SYN-2024-0597,2024,2999.95,1817.85,577.55,10000,0.0871,24,0.5092,0,0
SYN-2024-0598,2024,3094.26,1319.41,346.35,15000,0.1626,60,0.8215,1,0
SYN-2024-0599,2024,2326.63,873.31,472.15,10000,0.1008,36,0.5815,0,0
